SignalName,ActivityFactor
TOP.VexiiRiscv.clk,0.19979396
TOP.VexiiRiscv.integer_RegFilePlugin_logic_regfile_fpga.clk,0.19979396
TOP.VexiiRiscv.streamArbiter_1.clk,0.19979396
TOP.clk,0.19979396
TOP.VexiiRiscv.WhiteboxerPlugin_logic_perf_candidatesCountCounters_0[59:0],0.09277308
TOP.VexiiRiscv.WhiteboxerPlugin_logic_perf_dispatchFeedCounters_0[59:0],0.09277308
TOP.VexiiRiscv.TrapPlugin_logic_harts_0_trap_fsm_stateNext[3:0],0.04271845
TOP.VexiiRiscv.TrapPlugin_logic_harts_0_trap_fsm_stateNext_string[79:0],0.04271845
TOP.VexiiRiscv.TrapPlugin_logic_harts_0_trap_fsm_stateReg[3:0],0.04271220
TOP.VexiiRiscv.TrapPlugin_logic_harts_0_trap_fsm_stateReg_string[79:0],0.04271220
TOP.VexiiRiscv.CsrRamPlugin_logic_writeLogic_port_payload_address[1:0],0.02137795
TOP.VexiiRiscv.TrapPlugin_logic_harts_0_crsPorts_write_address[1:0],0.02135298
TOP.VexiiRiscv.streamArbiter_1_io_output_payload_pcTarget[31:0],0.01427902
TOP.VexiiRiscv.execute_ctrl3_down_PC_lane0[31:0],0.01427902
TOP.VexiiRiscv.execute_ctrl4_up_PC_lane0[31:0],0.01427902
TOP.VexiiRiscv.execute_ctrl3_up_PC_lane0[31:0],0.01427902
TOP.VexiiRiscv.execute_ctrl4_down_PC_lane0[31:0],0.01427902
TOP.VexiiRiscv.execute_ctrl2_down_early0_BranchPlugin_pcCalc_PC_TRUE_lane0[31:0],0.01427902
TOP.VexiiRiscv.early0_BranchPlugin_logic_pcPort_payload_pc[31:0],0.01427902
TOP.VexiiRiscv.early0_BranchPlugin_pcCalc_target_a[31:0],0.01427902
TOP.VexiiRiscv.early0_BranchPlugin_logic_trapPort_payload_tval[31:0],0.01427902
TOP.VexiiRiscv.early0_BranchPlugin_logic_jumpLogic_learn_payload_pcTarget[31:0],0.01427902
TOP.VexiiRiscv.LearnPlugin_logic_learn_payload_pcTarget[31:0],0.01427902
TOP.VexiiRiscv.LearnPlugin_logic_buffered_0_payload_pcTarget[31:0],0.01427902
TOP.VexiiRiscv.LearnPlugin_logic_arbitrated_payload_pcTarget[31:0],0.01427902
TOP.VexiiRiscv.LearnPlugin_logic_arbitrated_toFlow_payload_pcTarget[31:0],0.01427902
TOP.VexiiRiscv.early0_BranchPlugin_logic_jumpLogic_learn_asFlow_payload_pcTarget[31:0],0.01427902
TOP.VexiiRiscv.WhiteboxerPlugin_logic_prediction_learns_0_payload_pcTarget[31:0],0.01427902
TOP.VexiiRiscv.streamArbiter_1.io_inputs_0_payload_pcTarget[31:0],0.01427902
TOP.VexiiRiscv.streamArbiter_1.io_output_payload_pcTarget[31:0],0.01427902
TOP.VexiiRiscv.streamArbiter_1_io_output_payload_pcOnLastSlice[31:0],0.01427278
TOP.VexiiRiscv.execute_ctrl3_down_lane0_logic_completions_onCtrl_2_ENABLE_lane0,0.01427278
TOP.VexiiRiscv.execute_ctrl4_up_lane0_logic_completions_onCtrl_2_ENABLE_lane0,0.01427278
TOP.VexiiRiscv.execute_ctrl3_up_lane0_logic_completions_onCtrl_2_ENABLE_lane0,0.01427278
TOP.VexiiRiscv.execute_ctrl2_up_PC_lane0[31:0],0.01427278
TOP.VexiiRiscv.execute_ctrl4_down_lane0_logic_completions_onCtrl_2_ENABLE_lane0,0.01427278
TOP.VexiiRiscv.execute_ctrl2_down_early0_BranchPlugin_pcCalc_PC_LAST_SLICE_lane0[31:0],0.01427278
TOP.VexiiRiscv.execute_ctrl2_down_early0_BranchPlugin_pcCalc_PC_FALSE_lane0[31:0],0.01427278
TOP.VexiiRiscv.execute_ctrl2_down_PC_lane0[31:0],0.01427278
TOP.VexiiRiscv.early0_BranchPlugin_logic_wb_payload[31:0],0.01427278
TOP.VexiiRiscv.early0_BranchPlugin_logic_jumpLogic_learn_payload_pcOnLastSlice[31:0],0.01427278
TOP.VexiiRiscv.LearnPlugin_logic_learn_payload_pcOnLastSlice[31:0],0.01427278
TOP.VexiiRiscv.LearnPlugin_logic_buffered_0_payload_pcOnLastSlice[31:0],0.01427278
TOP.VexiiRiscv.LearnPlugin_logic_arbitrated_payload_pcOnLastSlice[31:0],0.01427278
TOP.VexiiRiscv.LearnPlugin_logic_arbitrated_toFlow_payload_pcOnLastSlice[31:0],0.01427278
TOP.VexiiRiscv.early0_BranchPlugin_logic_jumpLogic_learn_asFlow_payload_pcOnLastSlice[31:0],0.01427278
TOP.VexiiRiscv.WhiteboxerPlugin_logic_prediction_learns_0_payload_pcOnLastSlice[31:0],0.01427278
TOP.VexiiRiscv.streamArbiter_1.io_inputs_0_payload_pcOnLastSlice[31:0],0.01427278
TOP.VexiiRiscv.streamArbiter_1.io_output_payload_pcOnLastSlice[31:0],0.01427278
TOP.VexiiRiscv.execute_ctrl3_down_lane0_integer_WriteBackPlugin_SEL_lane0,0.01426654
TOP.VexiiRiscv.execute_ctrl4_up_lane0_integer_WriteBackPlugin_SEL_lane0,0.01426654
TOP.VexiiRiscv.execute_ctrl2_down_lane0_logic_completions_onCtrl_2_ENABLE_lane0,0.01426654
TOP.VexiiRiscv.execute_ctrl3_up_lane0_integer_WriteBackPlugin_SEL_lane0,0.01426654
TOP.VexiiRiscv.execute_ctrl2_up_lane0_logic_completions_onCtrl_2_ENABLE_lane0,0.01426654
TOP.VexiiRiscv.execute_ctrl1_up_PC_lane0[31:0],0.01426654
TOP.VexiiRiscv.execute_ctrl3_down_TRAP_lane0,0.01426654
TOP.VexiiRiscv.execute_ctrl4_down_lane0_integer_WriteBackPlugin_SEL_lane0,0.01426654
TOP.VexiiRiscv.execute_ctrl3_up_TRAP_lane0,0.01426654
TOP.VexiiRiscv.execute_ctrl1_down_PC_lane0[31:0],0.01426654
TOP.VexiiRiscv.execute_lane0_logic_completions_onCtrl_1_port_payload_trap,0.01426654
TOP.VexiiRiscv.WhiteboxerPlugin_logic_completions_ports_2_payload_trap,0.01426654
TOP.VexiiRiscv.execute_ctrl3_down_COMPLETION_AT_4_lane0,0.01426029
TOP.VexiiRiscv.execute_ctrl4_up_COMMIT_lane0,0.01426029
TOP.VexiiRiscv.execute_ctrl4_up_TRAP_lane0,0.01426029
TOP.VexiiRiscv.execute_ctrl2_down_COMPLETION_AT_4_lane0,0.01426029
TOP.VexiiRiscv.execute_ctrl2_down_lane0_integer_WriteBackPlugin_SEL_lane0,0.01426029
TOP.VexiiRiscv.execute_ctrl3_up_COMMIT_lane0,0.01426029
TOP.VexiiRiscv.execute_ctrl3_up_COMPLETION_AT_4_lane0,0.01426029
TOP.VexiiRiscv.execute_ctrl2_up_COMPLETION_AT_4_lane0,0.01426029
TOP.VexiiRiscv.execute_ctrl2_up_lane0_integer_WriteBackPlugin_SEL_lane0,0.01426029
TOP.VexiiRiscv.execute_ctrl0_down_PC_lane0[31:0],0.01426029
TOP.VexiiRiscv.execute_ctrl1_up_TRAP_lane0,0.01426029
TOP.VexiiRiscv.decode_ctrls_1_up_PC_0[31:0],0.01426029
TOP.VexiiRiscv.execute_ctrl1_down_TRAP_lane0,0.01426029
TOP.VexiiRiscv.execute_ctrl1_down_lane0_logic_completions_onCtrl_2_ENABLE_lane0,0.01426029
TOP.VexiiRiscv.execute_ctrl1_down_COMPLETION_AT_4_lane0,0.01426029
TOP.VexiiRiscv.execute_ctrl1_down_lane0_integer_WriteBackPlugin_SEL_lane0,0.01426029
TOP.VexiiRiscv.execute_ctrl4_down_TRAP_lane0,0.01426029
TOP.VexiiRiscv.execute_ctrl4_down_COMMIT_lane0,0.01426029
TOP.VexiiRiscv.execute_ctrl3_down_COMMIT_lane0,0.01426029
TOP.VexiiRiscv.execute_ctrl0_up_PC_lane0[31:0],0.01426029
TOP.VexiiRiscv.decode_ctrls_1_down_PC_0[31:0],0.01426029
TOP.VexiiRiscv.execute_ctrl2_up_COMMIT_lane0,0.01426029
TOP.VexiiRiscv.execute_ctrl2_down_COMMIT_lane0,0.01426029
TOP.VexiiRiscv.execute_ctrl2_COMMIT_lane0_bypass,0.01426029
TOP.VexiiRiscv.execute_ctrl2_up_TRAP_lane0,0.01426029
TOP.VexiiRiscv.execute_ctrl2_down_TRAP_lane0,0.01426029
TOP.VexiiRiscv.execute_ctrl2_TRAP_lane0_bypass,0.01426029
TOP.VexiiRiscv.LsuCachelessPlugin_logic_iwb_valid,0.01426029
TOP.VexiiRiscv.lane0_IntFormatPlugin_logic_stages_2_hits[0:0],0.01426029
TOP.VexiiRiscv.DispatchPlugin_logic_candidates_0_ctx_hm_PC[31:0],0.01426029
TOP.VexiiRiscv.execute_lane0_logic_completions_onCtrl_0_port_payload_trap,0.01426029
TOP.VexiiRiscv.execute_lane0_logic_completions_onCtrl_0_port_payload_commit,0.01426029
TOP.VexiiRiscv.execute_lane0_logic_completions_onCtrl_1_port_payload_commit,0.01426029
TOP.VexiiRiscv.execute_lane0_logic_completions_onCtrl_2_port_payload_trap,0.01426029
TOP.VexiiRiscv.execute_lane0_logic_completions_onCtrl_2_port_payload_commit,0.01426029
TOP.VexiiRiscv.WhiteboxerPlugin_logic_completions_ports_1_payload_trap,0.01426029
TOP.VexiiRiscv.WhiteboxerPlugin_logic_completions_ports_1_payload_commit,0.01426029
TOP.VexiiRiscv.WhiteboxerPlugin_logic_completions_ports_2_payload_commit,0.01426029
TOP.VexiiRiscv.WhiteboxerPlugin_logic_completions_ports_3_payload_trap,0.01426029
TOP.VexiiRiscv.WhiteboxerPlugin_logic_completions_ports_3_payload_commit,0.01426029
TOP.VexiiRiscv.execute_ctrl5_up_COMMIT_lane0,0.01425405
TOP.VexiiRiscv.execute_ctrl4_up_COMPLETION_AT_4_lane0,0.01425405
TOP.VexiiRiscv.execute_ctrl1_down_COMPLETED_lane0,0.01425405
TOP.VexiiRiscv.execute_ctrl0_down_COMPLETED_lane0,0.01425405
TOP.VexiiRiscv.execute_ctrl0_down_TRAP_lane0,0.01425405
TOP.VexiiRiscv.execute_ctrl1_up_COMPLETED_lane0,0.01425405
TOP.VexiiRiscv.fetch_logic_ctrls_1_up_Fetch_WORD_PC[31:0],0.01425405
TOP.VexiiRiscv.execute_ctrl5_down_COMMIT_lane0,0.01425405
TOP.VexiiRiscv.execute_ctrl0_up_COMPLETED_lane0,0.01425405
TOP.VexiiRiscv.execute_ctrl0_up_TRAP_lane0,0.01425405
TOP.VexiiRiscv.execute_ctrl4_down_COMPLETION_AT_4_lane0,0.01425405
TOP.VexiiRiscv.execute_ctrl2_up_COMPLETED_lane0,0.01425405
TOP.VexiiRiscv.decode_ctrls_1_TRAP_0_bypass,0.01425405
TOP.VexiiRiscv.decode_ctrls_1_down_TRAP_0,0.01425405
TOP.VexiiRiscv.decode_ctrls_0_down_PC_0[31:0],0.01425405
TOP.VexiiRiscv.decode_ctrls_0_up_PC_0[31:0],0.01425405
TOP.VexiiRiscv.fetch_logic_ctrls_1_down_Fetch_WORD_PC[31:0],0.01425405
TOP.VexiiRiscv.FetchCachelessPlugin_logic_trapPort_payload_tval[31:0],0.01425405
TOP.VexiiRiscv.AlignerPlugin_logic_extractors_0_ctx_pc[31:0],0.01425405
TOP.VexiiRiscv.WhiteboxerPlugin_logic_decodes_0_pc[63:0],0.01425405
TOP.VexiiRiscv.DispatchPlugin_logic_candidates_0_ctx_hm_TRAP,0.01425405
TOP.VexiiRiscv.DispatchPlugin_logic_inserter_0_trap,0.01425405
TOP.VexiiRiscv.TrapPlugin_logic_harts_0_trap_pending_arbiter_ports_2_payload_tval[31:0],0.01425405
TOP.VexiiRiscv.FetchCachelessPlugin_logic_fork_translated_rData_address[31:0],0.01425405
TOP.VexiiRiscv.FetchCachelessPlugin_logic_bus_cmd_payload_regNext_address[31:0],0.01425405
TOP.VexiiRiscv.FetchCachelessPlugin_logic_bus_cmd_payload_address[31:0],0.01424781
TOP.VexiiRiscv.fetch_logic_ctrls_0_up_isReady,0.01424781
TOP.VexiiRiscv.execute_ctrl3_up_AguPlugin_SEL_lane0,0.01424781
TOP.VexiiRiscv.execute_ctrl2_up_AguPlugin_SEL_lane0,0.01424781
TOP.VexiiRiscv.decode_ctrls_0_down_isValid,0.01424781
TOP.VexiiRiscv.fetch_logic_ctrls_0_down_isValid,0.01424781
TOP.VexiiRiscv.decode_ctrls_1_down_valid,0.01424781
TOP.VexiiRiscv.fetch_logic_ctrls_1_up_valid,0.01424781
TOP.VexiiRiscv.decode_ctrls_0_down_valid,0.01424781
TOP.VexiiRiscv.fetch_logic_ctrls_0_down_valid,0.01424781
TOP.VexiiRiscv.fetch_logic_ctrls_1_up_cancel,0.01424781
TOP.VexiiRiscv.fetch_logic_ctrls_0_down_Fetch_WORD_PC[31:0],0.01424781
TOP.VexiiRiscv.execute_ctrl2_LANE_SEL_lane0_bypass,0.01424781
TOP.VexiiRiscv.execute_ctrl1_down_LANE_SEL_lane0,0.01424781
TOP.VexiiRiscv.execute_ctrl1_LANE_SEL_lane0_bypass,0.01424781
TOP.VexiiRiscv.execute_ctrl0_LANE_SEL_lane0_bypass,0.01424781
TOP.VexiiRiscv.execute_ctrl1_down_AguPlugin_SEL_lane0,0.01424781
TOP.VexiiRiscv.fetch_logic_ctrls_1_up_isCancel,0.01424781
TOP.VexiiRiscv.fetch_logic_ctrls_0_up_isMoving,0.01424781
TOP.VexiiRiscv.fetch_logic_ctrls_0_up_isValid,0.01424781
TOP.VexiiRiscv.fetch_logic_ctrls_0_up_isFiring,0.01424781
TOP.VexiiRiscv.fetch_logic_ctrls_0_up_Fetch_WORD_PC[31:0],0.01424781
TOP.VexiiRiscv.fetch_logic_ctrls_0_up_ready,0.01424781
TOP.VexiiRiscv.fetch_logic_ctrls_0_up_valid,0.01424781
TOP.VexiiRiscv.decode_ctrls_1_down_LANE_SEL_0,0.01424781
TOP.VexiiRiscv.decode_ctrls_1_LANE_SEL_0_bypass,0.01424781
TOP.VexiiRiscv.decode_ctrls_0_down_LANE_SEL_0,0.01424781
TOP.VexiiRiscv.decode_ctrls_0_LANE_SEL_0_bypass,0.01424781
TOP.VexiiRiscv.decode_ctrls_0_up_isMoving,0.01424781
TOP.VexiiRiscv.fetch_logic_ctrls_1_down_valid,0.01424781
TOP.VexiiRiscv.fetch_logic_ctrls_1_down_isValid,0.01424781
TOP.VexiiRiscv.execute_ctrl0_down_LANE_SEL_lane0,0.01424781
TOP.VexiiRiscv.execute_ctrl3_down_LANE_SEL_lane0,0.01424781
TOP.VexiiRiscv.execute_ctrl2_down_LANE_SEL_lane0,0.01424781
TOP.VexiiRiscv.execute_ctrl0_up_LANE_SEL_lane0,0.01424781
TOP.VexiiRiscv.decode_ctrls_1_up_isValid,0.01424781
TOP.VexiiRiscv.execute_ctrl3_down_AguPlugin_SEL_lane0,0.01424781
TOP.VexiiRiscv.execute_ctrl3_up_COMPLETED_lane0,0.01424781
TOP.VexiiRiscv.execute_ctrl3_down_COMPLETED_lane0,0.01424781
TOP.VexiiRiscv.execute_ctrl3_COMPLETED_lane0_bypass,0.01424781
TOP.VexiiRiscv.execute_ctrl1_up_LANE_SEL_lane0,0.01424781
TOP.VexiiRiscv.decode_ctrls_1_up_LANE_SEL_0,0.01424781
TOP.VexiiRiscv.decode_ctrls_1_up_valid,0.01424781
TOP.VexiiRiscv.decode_ctrls_1_up_isMoving,0.01424781
TOP.VexiiRiscv.execute_ctrl3_up_LANE_SEL_lane0,0.01424781
TOP.VexiiRiscv.execute_ctrl2_down_AguPlugin_SEL_lane0,0.01424781
TOP.VexiiRiscv.execute_ctrl2_up_LANE_SEL_lane0,0.01424781
TOP.VexiiRiscv.fetch_logic_ctrls_0_down_MMU_TRANSLATED[31:0],0.01424781
TOP.VexiiRiscv.fetch_logic_ctrls_1_up_isValid,0.01424781
TOP.VexiiRiscv.decode_ctrls_0_up_isValid,0.01424781
TOP.VexiiRiscv.decode_ctrls_0_up_valid,0.01424781
TOP.VexiiRiscv.decode_ctrls_0_up_LANE_SEL_0,0.01424781
TOP.VexiiRiscv.decode_ctrls_0_lane0_upIsCancel,0.01424781
TOP.VexiiRiscv.decode_ctrls_0_up_isFiring,0.01424781
TOP.VexiiRiscv.fetch_logic_ctrls_0_down_isFiring,0.01424781
TOP.VexiiRiscv.AlignerPlugin_api_downMoving,0.01424781
TOP.VexiiRiscv.decode_logic_trapPending[0:0],0.01424781
TOP.VexiiRiscv.WhiteboxerPlugin_logic_fetch_fire,0.01424781
TOP.VexiiRiscv.AlignerPlugin_logic_slices_mask[0:0],0.01424781
TOP.VexiiRiscv.AlignerPlugin_logic_scanners_0_checker_0_present,0.01424781
TOP.VexiiRiscv.AlignerPlugin_logic_scanners_0_checker_0_valid,0.01424781
TOP.VexiiRiscv.AlignerPlugin_logic_scanners_0_valid,0.01424781
TOP.VexiiRiscv.AlignerPlugin_logic_extractors_0_usableMask[0:0],0.01424781
TOP.VexiiRiscv.AlignerPlugin_logic_extractors_0_usableMask_bools_0,0.01424781
TOP.VexiiRiscv.AlignerPlugin_logic_extractors_0_slicesOh[0:0],0.01424781
TOP.VexiiRiscv.AlignerPlugin_logic_extractors_0_valid,0.01424781
TOP.VexiiRiscv.when_AlignerPlugin_l171,0.01424781
TOP.VexiiRiscv.AlignerPlugin_logic_feeder_lanes_0_valid,0.01424781
TOP.VexiiRiscv.when_AlignerPlugin_l292,0.01424781
TOP.VexiiRiscv.FetchCachelessPlugin_logic_buffer_full,0.01424781
TOP.VexiiRiscv.FetchCachelessPlugin_logic_onPma_port_cmd_address[31:0],0.01424781
TOP.VexiiRiscv.WhiteboxerPlugin_logic_decodes_0_fire,0.01424781
TOP.VexiiRiscv.WhiteboxerPlugin_logic_decodes_0_spawn,0.01424781
TOP.VexiiRiscv.when_DecoderPlugin_l138,0.01424781
TOP.VexiiRiscv.DecoderPlugin_logic_laneLogic_0_completionPort_valid,0.01424781
TOP.VexiiRiscv.when_DecoderPlugin_l222,0.01424781
TOP.VexiiRiscv.DecoderPlugin_logic_laneLogic_0_flushPort_valid,0.01424781
TOP.VexiiRiscv.DispatchPlugin_logic_candidates_0_ctx_valid,0.01424781
TOP.VexiiRiscv.DispatchPlugin_logic_candidates_0_fire,0.01424781
TOP.VexiiRiscv.DispatchPlugin_logic_feeds_0_sending,0.01424781
TOP.VexiiRiscv.DispatchPlugin_logic_scheduler_eusFree_1[0:0],0.01424781
TOP.VexiiRiscv.DispatchPlugin_logic_scheduler_arbiters_0_doIt,0.01424781
TOP.VexiiRiscv.DispatchPlugin_logic_inserter_0_oh[0:0],0.01424781
TOP.VexiiRiscv.DispatchPlugin_logic_inserter_0_layerOhUnfiltred[0:0],0.01424781
TOP.VexiiRiscv.DispatchPlugin_logic_inserter_0_layer_0_1,0.01424781
TOP.VexiiRiscv.WhiteboxerPlugin_logic_serializeds_0_fire,0.01424781
TOP.VexiiRiscv.WhiteboxerPlugin_logic_dispatches_0_fire,0.01424781
TOP.VexiiRiscv.AlignerPlugin_logic_nobuffer_flushIt,0.01424781
TOP.VexiiRiscv.decode_logic_flushes_0_onLanes_0_doIt,0.01424781
TOP.VexiiRiscv.TrapPlugin_logic_harts_0_trap_pending_arbiter_oh[2:0],0.01424781
TOP.VexiiRiscv.TrapPlugin_logic_harts_0_trap_pending_arbiter_down_valid,0.01424781
TOP.VexiiRiscv.TrapPlugin_logic_harts_0_trap_pending_arbiter_down_payload_exception,0.01424781
TOP.VexiiRiscv.TrapPlugin_logic_harts_0_trap_pending_arbiter_down_payload_code[3:0],0.01424781
TOP.VexiiRiscv.TrapPlugin_logic_harts_0_trap_fsm_holdPort,0.01424781
TOP.VexiiRiscv.PcPlugin_logic_harts_0_self_flow_payload_pc[31:0],0.01424781
TOP.VexiiRiscv.PcPlugin_logic_harts_0_self_increment,0.01424781
TOP.VexiiRiscv.PcPlugin_logic_harts_0_self_state[31:0],0.01424781
TOP.VexiiRiscv.PcPlugin_logic_harts_0_self_pc[31:0],0.01424781
TOP.VexiiRiscv.PcPlugin_logic_harts_0_aggregator_target[31:0],0.01424781
TOP.VexiiRiscv.PcPlugin_logic_harts_0_holdComb,0.01424781
TOP.VexiiRiscv.PcPlugin_logic_harts_0_holdReg,0.01424781
TOP.VexiiRiscv.PcPlugin_logic_harts_0_output_valid,0.01424781
TOP.VexiiRiscv.PcPlugin_logic_harts_0_output_ready,0.01424781
TOP.VexiiRiscv.PcPlugin_logic_harts_0_output_payload_pc[31:0],0.01424781
TOP.VexiiRiscv.PcPlugin_logic_harts_0_output_fire,0.01424781
TOP.VexiiRiscv.PcPlugin_logic_holdHalter_doIt,0.01424781
TOP.VexiiRiscv.fetch_logic_ctrls_0_haltRequest_PcPlugin_l133,0.01424781
TOP.VexiiRiscv.FetchCachelessPlugin_logic_fork_forked_valid,0.01424781
TOP.VexiiRiscv.FetchCachelessPlugin_logic_fork_forked_ready,0.01424781
TOP.VexiiRiscv.FetchCachelessPlugin_logic_fork_forked_fire,0.01424781
TOP.VexiiRiscv.FetchCachelessPlugin_logic_fork_translated_payload_address[31:0],0.01424781
TOP.VexiiRiscv.FetchCachelessPlugin_logic_fork_persistent_payload_address[31:0],0.01424781
TOP.VexiiRiscv.when_FetchCachelessPlugin_l208,0.01424781
TOP.VexiiRiscv.WhiteboxerPlugin_logic_completions_ports_0_valid,0.01424781
TOP.VexiiRiscv.WhiteboxerPlugin_logic_reschedules_flushes_4_valid,0.01424781
TOP.VexiiRiscv.fetch_logic_flushes_0_doIt,0.01424781
TOP.VexiiRiscv.fetch_logic_ctrls_1_forgetsSingleRequest_FetchPipelinePlugin_l50,0.01424781
TOP.VexiiRiscv.FetchCachelessPlugin_pmaBuilder_addressBits[31:0],0.01424781
TOP.VexiiRiscv.WhiteboxerPlugin_logic_perf_candidatesCount[0:0],0.01424781
TOP.VexiiRiscv.WhiteboxerPlugin_logic_perf_dispatchFeedCount[0:0],0.01424781
TOP.VexiiRiscv.when_Utils_l586,0.01424781
TOP.VexiiRiscv.when_Utils_l586_1,0.01424781
TOP.VexiiRiscv.when_Utils_l586_2,0.01424781
TOP.VexiiRiscv.when_Utils_l586_3,0.01424781
TOP.VexiiRiscv.fetch_logic_ctrls_1_up_forgetOne,0.01424781
TOP.VexiiRiscv.when_CtrlLink_l150,0.01424781
TOP.VexiiRiscv.when_StageLink_l67,0.01424781
TOP.VexiiRiscv.TrapPlugin_logic_harts_0_trap_fsm_onEntry_RUNNING,0.01424781
TOP.FetchCachelessPlugin_logic_bus_cmd_payload_address[31:0],0.01424781
TOP.VexiiRiscv.execute_ctrl4_up_AguPlugin_SEL_lane0,0.01424156
TOP.VexiiRiscv.execute_ctrl4_down_LANE_SEL_lane0,0.01424156
TOP.VexiiRiscv.execute_ctrl4_down_AguPlugin_SEL_lane0,0.01424156
TOP.VexiiRiscv.execute_ctrl4_up_COMPLETED_lane0,0.01424156
TOP.VexiiRiscv.execute_ctrl2_down_COMPLETED_lane0,0.01424156
TOP.VexiiRiscv.execute_ctrl2_COMPLETED_lane0_bypass,0.01424156
TOP.VexiiRiscv.decode_ctrls_1_up_TRAP_0,0.01424156
TOP.VexiiRiscv.execute_ctrl4_up_LANE_SEL_lane0,0.01424156
TOP.VexiiRiscv.execute_lane0_api_hartsInflight[0:0],0.01424156
TOP.VexiiRiscv.TrapPlugin_api_harts_0_fsmBusy,0.01424156
TOP.VexiiRiscv.execute_lane0_logic_trapPending[0:0],0.01424156
TOP.VexiiRiscv.DispatchPlugin_logic_fenceChecker_olderInflights[0:0],0.01424156
TOP.VexiiRiscv.TrapPlugin_logic_harts_0_crsPorts_write_data[31:0],0.01424156
TOP.VexiiRiscv.TrapPlugin_logic_harts_0_trap_trigger_oh[0:0],0.01424156
TOP.VexiiRiscv.TrapPlugin_logic_harts_0_trap_trigger_valid,0.01424156
TOP.VexiiRiscv.TrapPlugin_logic_harts_0_trap_fsm_inflightTrap,0.01424156
TOP.VexiiRiscv.TrapPlugin_logic_harts_0_trap_fsm_buffer_sampleIt,0.01424156
TOP.VexiiRiscv.CsrRamPlugin_logic_writeLogic_hits[2:0],0.01424156
TOP.VexiiRiscv.CsrRamPlugin_logic_writeLogic_hit,0.01424156
TOP.VexiiRiscv.CsrRamPlugin_logic_writeLogic_hits_ohFirst_input[2:0],0.01424156
TOP.VexiiRiscv.CsrRamPlugin_logic_writeLogic_hits_ohFirst_masked[2:0],0.01424156
TOP.VexiiRiscv.CsrRamPlugin_logic_writeLogic_oh[2:0],0.01424156
TOP.VexiiRiscv.CsrRamPlugin_logic_writeLogic_port_valid,0.01424156
TOP.VexiiRiscv.TrapPlugin_logic_harts_0_trap_fsm_onExit_RUNNING,0.01424156
TOP.VexiiRiscv.TrapPlugin_logic_harts_0_trap_fsm_onEntry_PROCESS_1,0.01424156
TOP.VexiiRiscv.execute_ctrl5_up_LANE_SEL_lane0,0.01423532
TOP.VexiiRiscv.execute_ctrl5_down_LANE_SEL_lane0,0.01423532
TOP.VexiiRiscv.decode_ctrls_0_down_TRAP_0,0.01423532
TOP.VexiiRiscv.fetch_logic_ctrls_1_down_TRAP,0.01423532
TOP.VexiiRiscv.decode_ctrls_0_up_TRAP_0,0.01423532
TOP.VexiiRiscv.TrapPlugin_api_harts_0_rvTrap,0.01423532
TOP.VexiiRiscv.FetchCachelessPlugin_logic_trapPort_valid,0.01423532
TOP.VexiiRiscv.AlignerPlugin_logic_extractors_0_ctx_trap,0.01423532
TOP.VexiiRiscv.FetchCachelessPlugin_logic_buffer_reservedHits_0,0.01423532
TOP.VexiiRiscv.TrapPlugin_logic_harts_0_crsPorts_read_valid,0.01423532
TOP.VexiiRiscv.TrapPlugin_logic_harts_0_crsPorts_read_ready,0.01423532
TOP.VexiiRiscv.TrapPlugin_logic_harts_0_crsPorts_read_address[1:0],0.01423532
TOP.VexiiRiscv.TrapPlugin_logic_harts_0_crsPorts_write_valid,0.01423532
TOP.VexiiRiscv.TrapPlugin_logic_harts_0_crsPorts_write_ready,0.01423532
TOP.VexiiRiscv.TrapPlugin_logic_harts_0_trap_pending_arbiter_ports_2_valid,0.01423532
TOP.VexiiRiscv.TrapPlugin_logic_harts_0_trap_pending_arbiter_down_payload_arg[1:0],0.01423532
TOP.VexiiRiscv.TrapPlugin_logic_harts_0_trap_whitebox_trap,0.01423532
TOP.VexiiRiscv.TrapPlugin_logic_harts_0_trap_whitebox_code[3:0],0.01423532
TOP.VexiiRiscv.TrapPlugin_logic_harts_0_trap_pcPort_valid,0.01423532
TOP.VexiiRiscv.TrapPlugin_logic_harts_0_trap_pcPort_payload_pc[31:0],0.01423532
TOP.VexiiRiscv.when_TrapPlugin_l556,0.01423532
TOP.VexiiRiscv.PcPlugin_logic_forcedSpawn,0.01423532
TOP.VexiiRiscv.PcPlugin_logic_harts_0_aggregator_valids_0,0.01423532
TOP.VexiiRiscv.PcPlugin_logic_harts_0_aggregator_oh[2:0],0.01423532
TOP.VexiiRiscv.fetch_logic_ctrls_0_haltRequest_CtrlLink_l79,0.01423532
TOP.VexiiRiscv.FetchCachelessPlugin_logic_join_trapSent,0.01423532
TOP.VexiiRiscv.CsrRamPlugin_logic_readLogic_hits[1:0],0.01423532
TOP.VexiiRiscv.CsrRamPlugin_logic_readLogic_hit,0.01423532
TOP.VexiiRiscv.CsrRamPlugin_logic_readLogic_hits_ohFirst_input[1:0],0.01423532
TOP.VexiiRiscv.CsrRamPlugin_logic_readLogic_hits_ohFirst_masked[1:0],0.01423532
TOP.VexiiRiscv.CsrRamPlugin_logic_readLogic_oh[1:0],0.01423532
TOP.VexiiRiscv.CsrRamPlugin_logic_readLogic_port_cmd_valid,0.01423532
TOP.VexiiRiscv.CsrRamPlugin_logic_readLogic_port_cmd_payload[1:0],0.01423532
TOP.VexiiRiscv.CsrRamPlugin_logic_readLogic_ohReg[1:0],0.01423532
TOP.VexiiRiscv.CsrRamPlugin_logic_readLogic_busy,0.01423532
TOP.VexiiRiscv.WhiteboxerPlugin_logic_trap_ports_0_valid,0.01423532
TOP.VexiiRiscv.WhiteboxerPlugin_logic_trap_ports_0_cause[3:0],0.01423532
TOP.VexiiRiscv.TrapPlugin_logic_harts_0_trap_fsm_onExit_PROCESS_1,0.01423532
TOP.VexiiRiscv.TrapPlugin_logic_harts_0_trap_fsm_onExit_TRAP_EPC,0.01423532
TOP.VexiiRiscv.TrapPlugin_logic_harts_0_trap_fsm_onExit_TRAP_TVAL,0.01423532
TOP.VexiiRiscv.TrapPlugin_logic_harts_0_trap_fsm_onExit_TRAP_TVEC,0.01423532
TOP.VexiiRiscv.TrapPlugin_logic_harts_0_trap_fsm_onExit_TRAP_APPLY,0.01423532
TOP.VexiiRiscv.TrapPlugin_logic_harts_0_trap_fsm_onEntry_TRAP_EPC,0.01423532
TOP.VexiiRiscv.TrapPlugin_logic_harts_0_trap_fsm_onEntry_TRAP_TVAL,0.01423532
TOP.VexiiRiscv.TrapPlugin_logic_harts_0_trap_fsm_onEntry_TRAP_TVEC,0.01423532
TOP.VexiiRiscv.TrapPlugin_logic_harts_0_trap_fsm_onEntry_TRAP_APPLY,0.01423532
TOP.VexiiRiscv.execute_ctrl4_up_Decode_UOP_ID_lane0[15:0],0.00714888
TOP.VexiiRiscv.execute_ctrl3_up_Decode_UOP_ID_lane0[15:0],0.00714888
TOP.VexiiRiscv.execute_ctrl4_down_Decode_UOP_ID_lane0[15:0],0.00714888
TOP.VexiiRiscv.execute_ctrl3_down_Decode_UOP_ID_lane0[15:0],0.00714888
TOP.VexiiRiscv.lane0_integer_WriteBackPlugin_logic_stages_1_write_payload_uopId[15:0],0.00714888
TOP.VexiiRiscv.lane0_integer_WriteBackPlugin_logic_stages_2_write_payload_uopId[15:0],0.00714888
TOP.VexiiRiscv.lane0_integer_WriteBackPlugin_logic_write_port_uopId[15:0],0.00714888
TOP.VexiiRiscv.execute_lane0_logic_completions_onCtrl_1_port_payload_uopId[15:0],0.00714888
TOP.VexiiRiscv.execute_lane0_logic_completions_onCtrl_2_port_payload_uopId[15:0],0.00714888
TOP.VexiiRiscv.WhiteboxerPlugin_logic_rfWrites_ports_1_payload_uopId[15:0],0.00714888
TOP.VexiiRiscv.WhiteboxerPlugin_logic_rfWrites_ports_2_payload_uopId[15:0],0.00714888
TOP.VexiiRiscv.WhiteboxerPlugin_logic_completions_ports_2_payload_uopId[15:0],0.00714888
TOP.VexiiRiscv.WhiteboxerPlugin_logic_completions_ports_3_payload_uopId[15:0],0.00714888
TOP.VexiiRiscv.WhiteboxerPlugin_logic_loadExecute_uopId[15:0],0.00714888
TOP.VexiiRiscv.WhiteboxerPlugin_logic_storeConditional_uopId[15:0],0.00714888
TOP.VexiiRiscv.integer_RegFilePlugin_logic_writeMerges_0_bus_uopId[15:0],0.00714888
TOP.VexiiRiscv.integer_write_0_uopId[15:0],0.00714888
TOP.VexiiRiscv.integer_RegFilePlugin_logic_regfile_fpga.io_writes_0_uopId[15:0],0.00714888
TOP.VexiiRiscv.LsuCachelessPlugin_logic_bus_cmd_payload_uopId[15:0],0.00714263
TOP.VexiiRiscv.streamArbiter_1_io_output_payload_uopId[15:0],0.00714263
TOP.VexiiRiscv.execute_ctrl2_up_Decode_UOP_ID_lane0[15:0],0.00714263
TOP.VexiiRiscv.execute_ctrl2_down_Decode_UOP_ID_lane0[15:0],0.00714263
TOP.VexiiRiscv.LsuCachelessPlugin_logic_flushPort_payload_uopId[15:0],0.00714263
TOP.VexiiRiscv.LsuCachelessPlugin_logic_bus_cmd_payload_regNext_uopId[15:0],0.00714263
TOP.VexiiRiscv.early0_BranchPlugin_logic_flushPort_payload_uopId[15:0],0.00714263
TOP.VexiiRiscv.early0_BranchPlugin_logic_jumpLogic_learn_payload_uopId[15:0],0.00714263
TOP.VexiiRiscv.CsrAccessPlugin_logic_flushPort_payload_uopId[15:0],0.00714263
TOP.VexiiRiscv.early0_EnvPlugin_logic_flushPort_payload_uopId[15:0],0.00714263
TOP.VexiiRiscv.LearnPlugin_logic_learn_payload_uopId[15:0],0.00714263
TOP.VexiiRiscv.LearnPlugin_logic_buffered_0_payload_uopId[15:0],0.00714263
TOP.VexiiRiscv.LearnPlugin_logic_arbitrated_payload_uopId[15:0],0.00714263
TOP.VexiiRiscv.LearnPlugin_logic_arbitrated_toFlow_payload_uopId[15:0],0.00714263
TOP.VexiiRiscv.lane0_integer_WriteBackPlugin_logic_stages_0_write_payload_uopId[15:0],0.00714263
TOP.VexiiRiscv.WhiteboxerPlugin_logic_executes_0_microOpId[15:0],0.00714263
TOP.VexiiRiscv.WhiteboxerPlugin_logic_csr_access_payload_uopId[15:0],0.00714263
TOP.VexiiRiscv.CsrAccessPlugin_logic_fsm_interface_uopId[15:0],0.00714263
TOP.VexiiRiscv.execute_lane0_logic_completions_onCtrl_0_port_payload_uopId[15:0],0.00714263
TOP.VexiiRiscv.WhiteboxerPlugin_logic_csr_port_payload_uopId[15:0],0.00714263
TOP.VexiiRiscv.WhiteboxerPlugin_logic_rfWrites_ports_0_payload_uopId[15:0],0.00714263
TOP.VexiiRiscv.WhiteboxerPlugin_logic_completions_ports_1_payload_uopId[15:0],0.00714263
TOP.VexiiRiscv.WhiteboxerPlugin_logic_reschedules_flushes_0_payload_uopId[15:0],0.00714263
TOP.VexiiRiscv.WhiteboxerPlugin_logic_reschedules_flushes_1_payload_uopId[15:0],0.00714263
TOP.VexiiRiscv.WhiteboxerPlugin_logic_reschedules_flushes_2_payload_uopId[15:0],0.00714263
TOP.VexiiRiscv.WhiteboxerPlugin_logic_reschedules_flushes_3_payload_uopId[15:0],0.00714263
TOP.VexiiRiscv.early0_BranchPlugin_logic_jumpLogic_learn_asFlow_payload_uopId[15:0],0.00714263
TOP.VexiiRiscv.WhiteboxerPlugin_logic_prediction_learns_0_payload_uopId[15:0],0.00714263
TOP.VexiiRiscv.WhiteboxerPlugin_logic_storeCommit_uopId[15:0],0.00714263
TOP.VexiiRiscv.WhiteboxerPlugin_logic_storeCommit_storeId[11:0],0.00714263
TOP.VexiiRiscv.WhiteboxerPlugin_logic_storeBroadcast_storeId[11:0],0.00714263
TOP.VexiiRiscv.streamArbiter_1.io_inputs_0_payload_uopId[15:0],0.00714263
TOP.VexiiRiscv.streamArbiter_1.io_output_payload_uopId[15:0],0.00714263
TOP.LsuCachelessPlugin_logic_bus_cmd_payload_uopId[15:0],0.00714263
TOP.VexiiRiscv.execute_ctrl1_down_Decode_UOP_ID_lane0[15:0],0.00713639
TOP.VexiiRiscv.execute_ctrl1_up_Decode_UOP_ID_lane0[15:0],0.00713639
TOP.VexiiRiscv.decode_ctrls_1_up_Decode_DOP_ID_0[9:0],0.00713639
TOP.VexiiRiscv.fetch_logic_ctrls_1_up_Fetch_ID[9:0],0.00713639
TOP.VexiiRiscv.fetch_logic_ctrls_1_down_Fetch_ID[9:0],0.00713639
TOP.VexiiRiscv.decode_ctrls_1_down_Decode_DOP_ID_0[9:0],0.00713639
TOP.VexiiRiscv.decode_ctrls_0_down_Fetch_ID_0[9:0],0.00713639
TOP.VexiiRiscv.decode_ctrls_0_up_Fetch_ID_0[9:0],0.00713639
TOP.VexiiRiscv.AlignerPlugin_logic_extractors_0_ctx_hm_Fetch_ID[9:0],0.00713639
TOP.VexiiRiscv.WhiteboxerPlugin_logic_decodes_0_fetchId[9:0],0.00713639
TOP.VexiiRiscv.WhiteboxerPlugin_logic_serializeds_0_decodeId[9:0],0.00713639
TOP.VexiiRiscv.fetch_logic_ctrls_0_up_Fetch_ID[9:0],0.00713015
TOP.VexiiRiscv.execute_ctrl0_down_Decode_UOP_ID_lane0[15:0],0.00713015
TOP.VexiiRiscv.execute_ctrl0_up_Decode_UOP_ID_lane0[15:0],0.00713015
TOP.VexiiRiscv.decode_ctrls_1_down_Decode_UOP_ID_0[15:0],0.00713015
TOP.VexiiRiscv.fetch_logic_ctrls_0_down_Fetch_ID[9:0],0.00713015
TOP.VexiiRiscv.decode_ctrls_0_up_Decode_DOP_ID_0[9:0],0.00713015
TOP.VexiiRiscv.decode_ctrls_0_down_Decode_DOP_ID_0[9:0],0.00713015
TOP.VexiiRiscv.AlignerPlugin_logic_feeder_harts_0_dopId[9:0],0.00713015
TOP.VexiiRiscv.WhiteboxerPlugin_logic_fetch_fetchId[9:0],0.00713015
TOP.VexiiRiscv.WhiteboxerPlugin_logic_decodes_0_decodeId[9:0],0.00713015
TOP.VexiiRiscv.DecoderPlugin_logic_harts_0_uopId[15:0],0.00713015
TOP.VexiiRiscv.DecoderPlugin_logic_laneLogic_0_completionPort_payload_uopId[15:0],0.00713015
TOP.VexiiRiscv.DecoderPlugin_logic_laneLogic_0_flushPort_payload_uopId[15:0],0.00713015
TOP.VexiiRiscv.DecoderPlugin_logic_laneLogic_0_uopIdBase[15:0],0.00713015
TOP.VexiiRiscv.DispatchPlugin_logic_candidates_0_ctx_hm_Decode_UOP_ID[15:0],0.00713015
TOP.VexiiRiscv.WhiteboxerPlugin_logic_serializeds_0_microOpId[15:0],0.00713015
TOP.VexiiRiscv.WhiteboxerPlugin_logic_dispatches_0_microOpId[15:0],0.00713015
TOP.VexiiRiscv.PcPlugin_logic_harts_0_self_id[9:0],0.00713015
TOP.VexiiRiscv.WhiteboxerPlugin_logic_completions_ports_0_payload_uopId[15:0],0.00713015
TOP.VexiiRiscv.WhiteboxerPlugin_logic_reschedules_flushes_4_payload_uopId[15:0],0.00713015
TOP.VexiiRiscv.WhiteboxerPlugin_logic_perf_candidatesCountCounters_1[59:0],0.00712390
TOP.VexiiRiscv.WhiteboxerPlugin_logic_perf_dispatchFeedCounters_1[59:0],0.00712390
TOP.VexiiRiscv.integer_RegFilePlugin_logic_regfile_fpga_io_writes_0_address[4:0],0.00021852
TOP.VexiiRiscv.integer_RegFilePlugin_logic_regfile_fpga.io_writes_0_address[4:0],0.00021852
TOP.VexiiRiscv.integer_RegFilePlugin_logic_regfile_fpga.conv_writes_0_payload_address[4:0],0.00021852
TOP.VexiiRiscv.integer_RegFilePlugin_logic_regfile_fpga.asMem_writes_0_port_payload_address[4:0],0.00021852
TOP.VexiiRiscv.integer_RegFilePlugin_logic_initalizer_counter[5:0],0.00019979
TOP.VexiiRiscv.execute_ctrl4_up_MMU_TRANSLATED_lane0[31:0],0.00006244
TOP.VexiiRiscv.execute_ctrl4_up_early0_SrcPlugin_ADD_SUB_lane0[31:0],0.00006244
TOP.VexiiRiscv.execute_ctrl4_down_MMU_TRANSLATED_lane0[31:0],0.00006244
TOP.VexiiRiscv.execute_ctrl4_down_early0_SrcPlugin_ADD_SUB_lane0[31:0],0.00006244
TOP.VexiiRiscv.WhiteboxerPlugin_logic_loadExecute_address[31:0],0.00006244
TOP.VexiiRiscv.execute_ctrl5_up_RD_PHYS_lane0[4:0],0.00005619
TOP.VexiiRiscv.execute_ctrl3_down_MMU_TRANSLATED_lane0[31:0],0.00005619
TOP.VexiiRiscv.execute_ctrl3_down_early0_SrcPlugin_ADD_SUB_lane0[31:0],0.00005619
TOP.VexiiRiscv.execute_ctrl3_up_MMU_TRANSLATED_lane0[31:0],0.00005619
TOP.VexiiRiscv.execute_ctrl3_up_early0_SrcPlugin_ADD_SUB_lane0[31:0],0.00005619
TOP.VexiiRiscv.execute_ctrl5_down_RD_PHYS_lane0[4:0],0.00005619
TOP.VexiiRiscv.LsuCachelessPlugin_logic_bus_cmd_payload_address[31:0],0.00004995
TOP.VexiiRiscv.execute_ctrl4_up_Decode_UOP_lane0[31:0],0.00004995
TOP.VexiiRiscv.execute_ctrl4_down_Decode_UOP_lane0[31:0],0.00004995
TOP.VexiiRiscv.execute_ctrl4_down_RD_PHYS_lane0[4:0],0.00004995
TOP.VexiiRiscv.execute_ctrl4_up_RD_PHYS_lane0[4:0],0.00004995
TOP.VexiiRiscv.execute_ctrl2_down_MMU_TRANSLATED_lane0[31:0],0.00004995
TOP.VexiiRiscv.execute_ctrl2_down_LsuCachelessPlugin_logic_onAddress_RAW_ADDRESS_lane0[31:0],0.00004995
TOP.VexiiRiscv.execute_ctrl2_down_early0_IntAluPlugin_ALU_RESULT_lane0[31:0],0.00004995
TOP.VexiiRiscv.execute_ctrl2_down_early0_SrcPlugin_ADD_SUB_lane0[31:0],0.00004995
TOP.VexiiRiscv.PrivilegedPlugin_api_lsuTriggerBus_virtual[31:0],0.00004995
TOP.VexiiRiscv.early0_IntAluPlugin_logic_wb_payload[31:0],0.00004995
TOP.VexiiRiscv.early0_IntAluPlugin_logic_alu_result[31:0],0.00004995
TOP.VexiiRiscv.LsuCachelessPlugin_logic_trapPort_payload_tval[31:0],0.00004995
TOP.VexiiRiscv.LsuCachelessPlugin_logic_onPma_port_cmd_address[31:0],0.00004995
TOP.VexiiRiscv.LsuCachelessPlugin_logic_bus_cmd_payload_regNext_address[31:0],0.00004995
TOP.VexiiRiscv.lane0_integer_WriteBackPlugin_logic_write_port_address[4:0],0.00004995
TOP.VexiiRiscv.LsuCachelessPlugin_pmaBuilder_addressBits[31:0],0.00004995
TOP.VexiiRiscv.WhiteboxerPlugin_logic_storeCommit_address[31:0],0.00004995
TOP.VexiiRiscv.integer_RegFilePlugin_logic_writeMerges_0_bus_address[4:0],0.00004995
TOP.VexiiRiscv.integer_write_0_address[4:0],0.00004995
TOP.LsuCachelessPlugin_logic_bus_cmd_payload_address[31:0],0.00004995
TOP.VexiiRiscv.execute_ctrl5_up_lane0_integer_WriteBackPlugin_logic_DATA_lane0[31:0],0.00004370
TOP.VexiiRiscv.execute_ctrl3_down_RD_PHYS_lane0[4:0],0.00004370
TOP.VexiiRiscv.execute_ctrl3_down_Decode_UOP_lane0[31:0],0.00004370
TOP.VexiiRiscv.execute_ctrl4_up_LsuCachelessPlugin_logic_onPma_RSP_lane0_fault,0.00004370
TOP.VexiiRiscv.execute_ctrl3_up_Decode_UOP_lane0[31:0],0.00004370
TOP.VexiiRiscv.execute_ctrl2_up_early0_SrcPlugin_SRC2_lane0[31:0],0.00004370
TOP.VexiiRiscv.execute_ctrl4_down_LsuCachelessPlugin_logic_onPma_RSP_lane0_fault,0.00004370
TOP.VexiiRiscv.execute_ctrl5_down_lane0_integer_WriteBackPlugin_logic_DATA_lane0[31:0],0.00004370
TOP.VexiiRiscv.execute_ctrl3_up_RD_PHYS_lane0[4:0],0.00004370
TOP.VexiiRiscv.execute_ctrl2_down_early0_SrcPlugin_SRC2_lane0[31:0],0.00004370
TOP.VexiiRiscv.early0_BarrelShifterPlugin_logic_shift_amplitude[4:0],0.00004370
TOP.VexiiRiscv.early0_SrcPlugin_logic_addsub_combined_rs2Patched[31:0],0.00004370
TOP.VexiiRiscv.lane0_IntFormatPlugin_logic_stages_2_wb_payload[31:0],0.00004370
TOP.VexiiRiscv.WhiteboxerPlugin_logic_loadExecute_data[31:0],0.00004370
TOP.VexiiRiscv.execute_ctrl3_down_LsuCachelessPlugin_logic_onPma_RSP_lane0_fault,0.00003746
TOP.VexiiRiscv.execute_ctrl3_up_LsuCachelessPlugin_logic_onPma_RSP_lane0_fault,0.00003746
TOP.VexiiRiscv.execute_ctrl2_up_Decode_UOP_lane0[31:0],0.00003746
TOP.VexiiRiscv.execute_ctrl2_down_RD_PHYS_lane0[4:0],0.00003746
TOP.VexiiRiscv.execute_ctrl4_down_lane0_integer_WriteBackPlugin_logic_DATA_lane0[31:0],0.00003746
TOP.VexiiRiscv.execute_ctrl4_lane0_integer_WriteBackPlugin_logic_DATA_lane0_bypass[31:0],0.00003746
TOP.VexiiRiscv.execute_ctrl4_up_lane0_integer_WriteBackPlugin_logic_DATA_lane0[31:0],0.00003746
TOP.VexiiRiscv.execute_ctrl2_up_RD_PHYS_lane0[4:0],0.00003746
TOP.VexiiRiscv.execute_ctrl1_down_early0_SrcPlugin_SRC2_lane0[31:0],0.00003746
TOP.VexiiRiscv.execute_ctrl2_down_LsuCachelessPlugin_logic_onPma_RSP_lane0_fault,0.00003746
TOP.VexiiRiscv.execute_ctrl2_down_Decode_UOP_lane0[31:0],0.00003746
TOP.VexiiRiscv.CsrAccessPlugin_bus_decode_address[11:0],0.00003746
TOP.VexiiRiscv.LsuCachelessPlugin_logic_trapPort_payload_exception,0.00003746
TOP.VexiiRiscv.early0_BranchPlugin_pcCalc_target_b[31:0],0.00003746
TOP.VexiiRiscv.CsrAccessPlugin_bus_read_address[11:0],0.00003746
TOP.VexiiRiscv.CsrAccessPlugin_bus_write_address[11:0],0.00003746
TOP.VexiiRiscv.LsuCachelessPlugin_logic_trapPort_payload_code[3:0],0.00003746
TOP.VexiiRiscv.LsuCachelessPlugin_logic_iwb_payload[31:0],0.00003746
TOP.VexiiRiscv.LsuCachelessPlugin_logic_onPma_port_rsp_fault,0.00003746
TOP.VexiiRiscv.LsuCachelessPlugin_logic_onFork_skip,0.00003746
TOP.VexiiRiscv.CsrAccessPlugin_logic_trapPort_payload_tval[31:0],0.00003746
TOP.VexiiRiscv.lane0_IntFormatPlugin_logic_stages_2_raw[31:0],0.00003746
TOP.VexiiRiscv.when_LsuCachelessPlugin_l267,0.00003746
TOP.VexiiRiscv.LsuCachelessPlugin_logic_onWb_rspShifted[31:0],0.00003746
TOP.VexiiRiscv.lane0_integer_WriteBackPlugin_logic_stages_2_merged[31:0],0.00003746
TOP.VexiiRiscv.lane0_integer_WriteBackPlugin_logic_write_port_data[31:0],0.00003746
TOP.VexiiRiscv.WhiteboxerPlugin_logic_csr_access_payload_address[11:0],0.00003746
TOP.VexiiRiscv.CsrAccessPlugin_logic_fsm_interface_uop[31:0],0.00003746
TOP.VexiiRiscv.CsrAccessPlugin_logic_fsm_interface_rdPhys[4:0],0.00003746
TOP.VexiiRiscv.CsrAccessPlugin_logic_fsm_inject_csrAddress[11:0],0.00003746
TOP.VexiiRiscv.WhiteboxerPlugin_logic_csr_port_payload_address[11:0],0.00003746
TOP.VexiiRiscv.LsuCachelessPlugin_logic_pmpPort_logic_torCmpAddress[19:0],0.00003746
TOP.VexiiRiscv.integer_RegFilePlugin_logic_writeMerges_0_bus_data[31:0],0.00003746
TOP.VexiiRiscv.integer_write_0_data[31:0],0.00003746
TOP.VexiiRiscv.execute_ctrl4_up_AguPlugin_LOAD_lane0,0.00003122
TOP.VexiiRiscv.execute_ctrl1_down_RD_PHYS_lane0[4:0],0.00003122
TOP.VexiiRiscv.execute_ctrl1_up_RS2_PHYS_lane0[4:0],0.00003122
TOP.VexiiRiscv.execute_ctrl1_up_Decode_UOP_lane0[31:0],0.00003122
TOP.VexiiRiscv.execute_ctrl4_down_AguPlugin_LOAD_lane0,0.00003122
TOP.VexiiRiscv.execute_ctrl1_down_RS2_PHYS_lane0[4:0],0.00003122
TOP.VexiiRiscv.execute_ctrl3_down_lane0_integer_WriteBackPlugin_logic_DATA_lane0[31:0],0.00003122
TOP.VexiiRiscv.execute_ctrl3_lane0_integer_WriteBackPlugin_logic_DATA_lane0_bypass[31:0],0.00003122
TOP.VexiiRiscv.execute_ctrl3_up_lane0_integer_WriteBackPlugin_logic_DATA_lane0[31:0],0.00003122
TOP.VexiiRiscv.execute_ctrl1_up_RD_PHYS_lane0[4:0],0.00003122
TOP.VexiiRiscv.execute_ctrl1_down_Decode_UOP_lane0[31:0],0.00003122
TOP.VexiiRiscv.execute_ctrl2_down_early0_BarrelShifterPlugin_SHIFT_RESULT_lane0[31:0],0.00003122
TOP.VexiiRiscv.early0_BarrelShifterPlugin_logic_wb_payload[31:0],0.00003122
TOP.VexiiRiscv.early0_BarrelShifterPlugin_logic_shift_shifted[31:0],0.00003122
TOP.VexiiRiscv.early0_BarrelShifterPlugin_logic_shift_patched[31:0],0.00003122
TOP.VexiiRiscv.CsrAccessPlugin_bus_write_bits[31:0],0.00003122
TOP.VexiiRiscv.CsrRamPlugin_csrMapper_write_data[31:0],0.00003122
TOP.VexiiRiscv.lane0_integer_WriteBackPlugin_logic_stages_1_merged[31:0],0.00003122
TOP.VexiiRiscv.WhiteboxerPlugin_logic_csr_access_payload_write[31:0],0.00003122
TOP.VexiiRiscv.CsrAccessPlugin_logic_fsm_interface_onWriteBits[31:0],0.00003122
TOP.VexiiRiscv.CsrAccessPlugin_logic_fsm_writeLogic_alu_mask[31:0],0.00003122
TOP.VexiiRiscv.CsrAccessPlugin_logic_fsm_writeLogic_alu_result[31:0],0.00003122
TOP.VexiiRiscv.execute_lane0_logic_decoding_decodingBits[31:0],0.00003122
TOP.VexiiRiscv.WhiteboxerPlugin_logic_csr_port_payload_write[31:0],0.00003122
TOP.VexiiRiscv.FetchCachelessPlugin_logic_bus_rsp_payload_id[0:0],0.00002497
TOP.VexiiRiscv.FetchCachelessPlugin_logic_bus_rsp_payload_word[31:0],0.00002497
TOP.VexiiRiscv.LsuCachelessPlugin_logic_bus_cmd_payload_mask[3:0],0.00002497
TOP.VexiiRiscv.execute_ctrl3_down_AguPlugin_LOAD_lane0,0.00002497
TOP.VexiiRiscv.execute_ctrl3_down_lane0_IntFormatPlugin_logic_WIDTH_ID_lane0[1:0],0.00002497
TOP.VexiiRiscv.execute_ctrl4_up_lane0_IntFormatPlugin_logic_WIDTH_ID_lane0[1:0],0.00002497
TOP.VexiiRiscv.execute_ctrl3_up_AguPlugin_STORE_lane0,0.00002497
TOP.VexiiRiscv.execute_ctrl3_up_AguPlugin_LOAD_lane0,0.00002497
TOP.VexiiRiscv.execute_ctrl3_up_lane0_IntFormatPlugin_logic_WIDTH_ID_lane0[1:0],0.00002497
TOP.VexiiRiscv.execute_ctrl2_up_BranchPlugin_BRANCH_CTRL_lane0[1:0],0.00002497
TOP.VexiiRiscv.execute_ctrl2_up_early0_SrcPlugin_SRC1_lane0[31:0],0.00002497
TOP.VexiiRiscv.execute_ctrl0_down_RD_PHYS_lane0[4:0],0.00002497
TOP.VexiiRiscv.decode_ctrls_1_up_Decode_INSTRUCTION_RAW_0[31:0],0.00002497
TOP.VexiiRiscv.decode_ctrls_1_up_Decode_INSTRUCTION_0[31:0],0.00002497
TOP.VexiiRiscv.execute_ctrl0_down_RS2_PHYS_lane0[4:0],0.00002497
TOP.VexiiRiscv.execute_ctrl2_up_integer_RS1_lane0[31:0],0.00002497
TOP.VexiiRiscv.execute_ctrl2_down_lane0_integer_WriteBackPlugin_logic_DATA_lane0[31:0],0.00002497
TOP.VexiiRiscv.execute_ctrl2_lane0_integer_WriteBackPlugin_logic_DATA_lane0_bypass[31:0],0.00002497
TOP.VexiiRiscv.execute_ctrl0_up_RD_PHYS_lane0[4:0],0.00002497
TOP.VexiiRiscv.execute_ctrl0_up_RS2_PHYS_lane0[4:0],0.00002497
TOP.VexiiRiscv.execute_ctrl0_up_Decode_UOP_lane0[31:0],0.00002497
TOP.VexiiRiscv.execute_ctrl3_down_AguPlugin_STORE_lane0,0.00002497
TOP.VexiiRiscv.decode_ctrls_1_down_Decode_UOP_0[31:0],0.00002497
TOP.VexiiRiscv.decode_ctrls_1_down_Decode_INSTRUCTION_RAW_0[31:0],0.00002497
TOP.VexiiRiscv.decode_ctrls_1_down_RD_PHYS_0[4:0],0.00002497
TOP.VexiiRiscv.decode_ctrls_1_down_RS2_PHYS_0[4:0],0.00002497
TOP.VexiiRiscv.decode_ctrls_1_down_Decode_INSTRUCTION_0[31:0],0.00002497
TOP.VexiiRiscv.execute_ctrl4_down_lane0_IntFormatPlugin_logic_WIDTH_ID_lane0[1:0],0.00002497
TOP.VexiiRiscv.execute_ctrl2_down_early0_BranchPlugin_logic_jumpLogic_IS_JALR_lane0,0.00002497
TOP.VexiiRiscv.execute_ctrl2_up_integer_RS2_lane0[31:0],0.00002497
TOP.VexiiRiscv.execute_ctrl2_down_LsuCachelessPlugin_logic_onFirst_WRITE_DATA_lane0[31:0],0.00002497
TOP.VexiiRiscv.execute_ctrl0_down_Decode_UOP_lane0[31:0],0.00002497
TOP.VexiiRiscv.execute_ctrl2_down_BranchPlugin_BRANCH_CTRL_lane0[1:0],0.00002497
TOP.VexiiRiscv.execute_ctrl2_down_early0_SrcPlugin_SRC1_lane0[31:0],0.00002497
TOP.VexiiRiscv.early0_IntAluPlugin_logic_alu_bitwise[31:0],0.00002497
TOP.VexiiRiscv.early0_BarrelShifterPlugin_logic_shift_reversed[31:0],0.00002497
TOP.VexiiRiscv.FetchCachelessPlugin_logic_buffer_inflight_0,0.00002497
TOP.VexiiRiscv.FetchCachelessPlugin_logic_buffer_write_payload_address[0:0],0.00002497
TOP.VexiiRiscv.FetchCachelessPlugin_logic_buffer_write_payload_data_word[31:0],0.00002497
TOP.VexiiRiscv.LsuCachelessPlugin_logic_bus_cmd_payload_regNext_mask[3:0],0.00002497
TOP.VexiiRiscv.LsuCachelessPlugin_logic_onFork_mapping_0_1[31:0],0.00002497
TOP.VexiiRiscv.LsuCachelessPlugin_logic_onFork_mapping_1_1[31:0],0.00002497
TOP.VexiiRiscv.LsuCachelessPlugin_logic_onFork_mapping_2_1[31:0],0.00002497
TOP.VexiiRiscv.switch_Misc_l242[2:0],0.00002497
TOP.VexiiRiscv.CsrRamPlugin_setup_initPort_address[1:0],0.00002497
TOP.VexiiRiscv.DecoderPlugin_logic_laneLogic_0_trapPort_payload_tval[31:0],0.00002497
TOP.VexiiRiscv.DispatchPlugin_logic_candidates_0_ctx_uop[31:0],0.00002497
TOP.VexiiRiscv.DispatchPlugin_logic_candidates_0_ctx_hm_RS2_PHYS[4:0],0.00002497
TOP.VexiiRiscv.DispatchPlugin_logic_candidates_0_ctx_hm_RD_PHYS[4:0],0.00002497
TOP.VexiiRiscv.lane0_integer_WriteBackPlugin_logic_stages_0_muxed[31:0],0.00002497
TOP.VexiiRiscv.lane0_integer_WriteBackPlugin_logic_stages_0_write_payload_data[31:0],0.00002497
TOP.VexiiRiscv.WhiteboxerPlugin_logic_serializeds_0_microOp[31:0],0.00002497
TOP.VexiiRiscv.TrapPlugin_logic_harts_0_trap_pending_arbiter_ports_1_payload_tval[31:0],0.00002497
TOP.VexiiRiscv.TrapPlugin_logic_harts_0_trap_fsm_jumpTarget[31:0],0.00002497
TOP.VexiiRiscv.CsrAccessPlugin_logic_fsm_interface_rs1[31:0],0.00002497
TOP.VexiiRiscv.CsrAccessPlugin_logic_fsm_writeLogic_alu_masked[31:0],0.00002497
TOP.VexiiRiscv.CsrRamPlugin_logic_flush_counter[2:0],0.00002497
TOP.VexiiRiscv.execute_lane0_bypasser_integer_RS2_port_address[4:0],0.00002497
TOP.VexiiRiscv.WhiteboxerPlugin_logic_rfWrites_ports_0_payload_data[31:0],0.00002497
TOP.VexiiRiscv.execute_ctrl2_up_BranchPlugin_BRANCH_CTRL_lane0_string[31:0],0.00002497
TOP.VexiiRiscv.execute_ctrl2_down_BranchPlugin_BRANCH_CTRL_lane0_string[31:0],0.00002497
TOP.VexiiRiscv.integer_RegFilePlugin_logic_regfile_fpga.io_reads_0_address[4:0],0.00002497
TOP.VexiiRiscv.integer_RegFilePlugin_logic_regfile_fpga.conv_read_0_cmd_payload[4:0],0.00002497
TOP.VexiiRiscv.integer_RegFilePlugin_logic_regfile_fpga.asMem_reads_0_sync_port_cmd_payload[4:0],0.00002497
TOP.FetchCachelessPlugin_logic_bus_rsp_payload_id[0:0],0.00002497
TOP.FetchCachelessPlugin_logic_bus_rsp_payload_word[31:0],0.00002497
TOP.LsuCachelessPlugin_logic_bus_cmd_payload_mask[3:0],0.00002497
TOP.VexiiRiscv.LsuCachelessPlugin_logic_bus_cmd_payload_write,0.00001873
TOP.VexiiRiscv.LsuCachelessPlugin_logic_bus_cmd_payload_data[31:0],0.00001873
TOP.VexiiRiscv.FetchCachelessPlugin_logic_buffer_words_spinal_port1[32:0],0.00001873
TOP.VexiiRiscv.integer_RegFilePlugin_logic_regfile_fpga_io_reads_0_data[31:0],0.00001873
TOP.VexiiRiscv.integer_RegFilePlugin_logic_regfile_fpga_io_reads_1_data[31:0],0.00001873
TOP.VexiiRiscv.execute_ctrl4_up_AguPlugin_FLOAT_lane0,0.00001873
TOP.VexiiRiscv.execute_ctrl4_up_AguPlugin_SIZE_lane0[1:0],0.00001873
TOP.VexiiRiscv.execute_ctrl2_down_lane0_IntFormatPlugin_logic_WIDTH_ID_lane0[1:0],0.00001873
TOP.VexiiRiscv.execute_ctrl2_up_AguPlugin_STORE_lane0,0.00001873
TOP.VexiiRiscv.execute_ctrl2_up_AguPlugin_LOAD_lane0,0.00001873
TOP.VexiiRiscv.execute_ctrl2_up_CsrAccessPlugin_CSR_CLEAR_lane0,0.00001873
TOP.VexiiRiscv.execute_ctrl2_up_lane0_IntFormatPlugin_logic_WIDTH_ID_lane0[1:0],0.00001873
TOP.VexiiRiscv.execute_ctrl2_up_SrcStageables_REVERT_lane0,0.00001873
TOP.VexiiRiscv.execute_ctrl2_up_COMPLETION_AT_2_lane0,0.00001873
TOP.VexiiRiscv.execute_ctrl2_up_early0_BranchPlugin_SEL_lane0,0.00001873
TOP.VexiiRiscv.execute_ctrl1_up_RS1_PHYS_lane0[4:0],0.00001873
TOP.VexiiRiscv.decode_ctrls_0_down_Decode_INSTRUCTION_RAW_0[31:0],0.00001873
TOP.VexiiRiscv.decode_ctrls_0_down_Decode_INSTRUCTION_0[31:0],0.00001873
TOP.VexiiRiscv.execute_ctrl4_down_AguPlugin_SIZE_lane0[1:0],0.00001873
TOP.VexiiRiscv.execute_ctrl1_down_BranchPlugin_BRANCH_CTRL_lane0[1:0],0.00001873
TOP.VexiiRiscv.execute_ctrl1_down_RS1_PHYS_lane0[4:0],0.00001873
TOP.VexiiRiscv.execute_ctrl2_down_CsrAccessPlugin_CSR_CLEAR_lane0,0.00001873
TOP.VexiiRiscv.fetch_logic_ctrls_1_down_Fetch_WORD[31:0],0.00001873
TOP.VexiiRiscv.execute_ctrl4_down_AguPlugin_FLOAT_lane0,0.00001873
TOP.VexiiRiscv.execute_ctrl2_down_COMPLETION_AT_2_lane0,0.00001873
TOP.VexiiRiscv.execute_ctrl2_down_SrcStageables_REVERT_lane0,0.00001873
TOP.VexiiRiscv.execute_ctrl1_down_integer_RS2_lane0[31:0],0.00001873
TOP.VexiiRiscv.execute_ctrl1_down_integer_RS1_lane0[31:0],0.00001873
TOP.VexiiRiscv.execute_ctrl1_down_early0_SrcPlugin_SRC1_lane0[31:0],0.00001873
TOP.VexiiRiscv.execute_ctrl2_down_early0_BranchPlugin_SEL_lane0,0.00001873
TOP.VexiiRiscv.execute_ctrl2_down_AguPlugin_LOAD_lane0,0.00001873
TOP.VexiiRiscv.execute_ctrl2_down_AguPlugin_STORE_lane0,0.00001873
TOP.VexiiRiscv.decode_ctrls_0_up_Decode_INSTRUCTION_RAW_0[31:0],0.00001873
TOP.VexiiRiscv.decode_ctrls_0_up_Decode_INSTRUCTION_0[31:0],0.00001873
TOP.VexiiRiscv.PrivilegedPlugin_api_lsuTriggerBus_load,0.00001873
TOP.VexiiRiscv.PrivilegedPlugin_api_lsuTriggerBus_store,0.00001873
TOP.VexiiRiscv.early0_BranchPlugin_logic_wb_valid,0.00001873
TOP.VexiiRiscv.AlignerPlugin_logic_slices_data_0[31:0],0.00001873
TOP.VexiiRiscv.AlignerPlugin_logic_slicesInstructions_0[31:0],0.00001873
TOP.VexiiRiscv.AlignerPlugin_logic_extractors_0_ctx_instruction[31:0],0.00001873
TOP.VexiiRiscv.LsuCachelessPlugin_logic_trapPort_payload_arg[1:0],0.00001873
TOP.VexiiRiscv.LsuCachelessPlugin_logic_onPma_port_cmd_op[0:0],0.00001873
TOP.VexiiRiscv.LsuCachelessPlugin_logic_bus_cmd_payload_regNext_write,0.00001873
TOP.VexiiRiscv.LsuCachelessPlugin_logic_bus_cmd_payload_regNext_data[31:0],0.00001873
TOP.VexiiRiscv.early0_BranchPlugin_logic_jumpLogic_rdLink,0.00001873
TOP.VexiiRiscv.lane0_IntFormatPlugin_logic_stages_2_segments_1_sign_value,0.00001873
TOP.VexiiRiscv.lane0_integer_WriteBackPlugin_logic_stages_0_hits[1:0],0.00001873
TOP.VexiiRiscv.LsuCachelessPlugin_pmaBuilder_argsBits[2:0],0.00001873
TOP.VexiiRiscv.CsrAccessPlugin_logic_fsm_interface_doClear,0.00001873
TOP.VexiiRiscv.FetchCachelessPlugin_logic_join_rsp_word[31:0],0.00001873
TOP.VexiiRiscv.CsrRamPlugin_logic_writeLogic_port_payload_data[31:0],0.00001873
TOP.VexiiRiscv.execute_lane0_bypasser_integer_RS2_port_data[31:0],0.00001873
TOP.VexiiRiscv.execute_lane0_bypasser_integer_RS1_port_data[31:0],0.00001873
TOP.VexiiRiscv.WhiteboxerPlugin_logic_loadExecute_size[1:0],0.00001873
TOP.VexiiRiscv.WhiteboxerPlugin_logic_storeCommit_data[31:0],0.00001873
TOP.VexiiRiscv.execute_ctrl1_down_BranchPlugin_BRANCH_CTRL_lane0_string[31:0],0.00001873
TOP.VexiiRiscv.CsrRamPlugin_logic_mem[1][31:0],0.00001873
TOP.VexiiRiscv.CsrRamPlugin_logic_mem[2][31:0],0.00001873
TOP.VexiiRiscv.integer_RegFilePlugin_logic_regfile_fpga.io_reads_0_data[31:0],0.00001873
TOP.VexiiRiscv.integer_RegFilePlugin_logic_regfile_fpga.io_reads_1_data[31:0],0.00001873
TOP.VexiiRiscv.integer_RegFilePlugin_logic_regfile_fpga.asMem_ram_spinal_port1[31:0],0.00001873
TOP.VexiiRiscv.integer_RegFilePlugin_logic_regfile_fpga.asMem_ram_spinal_port2[31:0],0.00001873
TOP.VexiiRiscv.integer_RegFilePlugin_logic_regfile_fpga.conv_read_0_rsp[31:0],0.00001873
TOP.VexiiRiscv.integer_RegFilePlugin_logic_regfile_fpga.conv_read_1_rsp[31:0],0.00001873
TOP.VexiiRiscv.integer_RegFilePlugin_logic_regfile_fpga.asMem_reads_0_sync_port_rsp[31:0],0.00001873
TOP.VexiiRiscv.integer_RegFilePlugin_logic_regfile_fpga.asMem_reads_1_sync_port_rsp[31:0],0.00001873
TOP.LsuCachelessPlugin_logic_bus_cmd_payload_write,0.00001873
TOP.LsuCachelessPlugin_logic_bus_cmd_payload_data[31:0],0.00001873
TOP.VexiiRiscv.FetchCachelessPlugin_logic_bus_cmd_valid,0.00001249
TOP.VexiiRiscv.FetchCachelessPlugin_logic_bus_cmd_payload_id[0:0],0.00001249
TOP.VexiiRiscv.FetchCachelessPlugin_logic_bus_rsp_valid,0.00001249
TOP.VexiiRiscv.LsuCachelessPlugin_logic_bus_cmd_payload_size[1:0],0.00001249
TOP.VexiiRiscv.LsuCachelessPlugin_logic_bus_cmd_payload_io,0.00001249
TOP.VexiiRiscv.integer_RegFilePlugin_logic_regfile_fpga_io_writes_0_data[31:0],0.00001249
TOP.VexiiRiscv.execute_ctrl3_down_LsuCachelessPlugin_logic_onPma_RSP_lane0_io,0.00001249
TOP.VexiiRiscv.execute_ctrl3_down_AguPlugin_FLOAT_lane0,0.00001249
TOP.VexiiRiscv.execute_ctrl3_down_BYPASSED_AT_4_lane0,0.00001249
TOP.VexiiRiscv.execute_ctrl3_down_AguPlugin_SIZE_lane0[1:0],0.00001249
TOP.VexiiRiscv.execute_ctrl4_up_LsuCachelessPlugin_logic_onPma_RSP_lane0_io,0.00001249
TOP.VexiiRiscv.execute_ctrl4_up_BYPASSED_AT_4_lane0,0.00001249
TOP.VexiiRiscv.execute_ctrl3_up_LsuCachelessPlugin_logic_onPma_RSP_lane0_io,0.00001249
TOP.VexiiRiscv.execute_ctrl3_up_AguPlugin_FLOAT_lane0,0.00001249
TOP.VexiiRiscv.execute_ctrl3_up_BYPASSED_AT_4_lane0,0.00001249
TOP.VexiiRiscv.execute_ctrl3_up_lane0_logic_completions_onCtrl_1_ENABLE_lane0,0.00001249
TOP.VexiiRiscv.execute_ctrl3_up_COMPLETION_AT_3_lane0,0.00001249
TOP.VexiiRiscv.execute_ctrl3_up_CsrAccessPlugin_SEL_lane0,0.00001249
TOP.VexiiRiscv.execute_ctrl3_up_AguPlugin_SIZE_lane0[1:0],0.00001249
TOP.VexiiRiscv.execute_ctrl2_up_early0_EnvPlugin_OP_lane0[2:0],0.00001249
TOP.VexiiRiscv.execute_ctrl2_up_CsrAccessPlugin_CSR_MASK_lane0,0.00001249
TOP.VexiiRiscv.execute_ctrl2_up_BarrelShifterPlugin_SIGNED_lane0,0.00001249
TOP.VexiiRiscv.execute_ctrl2_up_BarrelShifterPlugin_LEFT_lane0,0.00001249
TOP.VexiiRiscv.execute_ctrl2_up_SrcStageables_ZERO_lane0,0.00001249
TOP.VexiiRiscv.execute_ctrl2_up_early0_IntAluPlugin_ALU_BITWISE_CTRL_lane0[1:0],0.00001249
TOP.VexiiRiscv.execute_ctrl2_up_early0_IntAluPlugin_ALU_ADD_SUB_lane0,0.00001249
TOP.VexiiRiscv.execute_ctrl2_up_lane0_logic_completions_onCtrl_0_ENABLE_lane0,0.00001249
TOP.VexiiRiscv.execute_ctrl2_up_AguPlugin_SIZE_lane0[1:0],0.00001249
TOP.VexiiRiscv.fetch_logic_ctrls_1_up_FetchCachelessPlugin_logic_BUFFER_ID[0:0],0.00001249
TOP.VexiiRiscv.execute_ctrl4_down_LsuCachelessPlugin_logic_onPma_RSP_lane0_io,0.00001249
TOP.VexiiRiscv.execute_ctrl1_down_AguPlugin_STORE_lane0,0.00001249
TOP.VexiiRiscv.execute_ctrl1_down_AguPlugin_LOAD_lane0,0.00001249
TOP.VexiiRiscv.execute_ctrl1_down_CsrAccessPlugin_CSR_CLEAR_lane0,0.00001249
TOP.VexiiRiscv.execute_ctrl1_down_lane0_IntFormatPlugin_logic_WIDTH_ID_lane0[1:0],0.00001249
TOP.VexiiRiscv.execute_ctrl1_down_SrcStageables_ZERO_lane0,0.00001249
TOP.VexiiRiscv.execute_ctrl1_down_SrcStageables_REVERT_lane0,0.00001249
TOP.VexiiRiscv.execute_ctrl1_down_lane0_logic_completions_onCtrl_0_ENABLE_lane0,0.00001249
TOP.VexiiRiscv.execute_ctrl1_down_COMPLETION_AT_2_lane0,0.00001249
TOP.VexiiRiscv.execute_ctrl1_down_early0_BranchPlugin_SEL_lane0,0.00001249
TOP.VexiiRiscv.execute_ctrl3_down_lane0_logic_completions_onCtrl_1_ENABLE_lane0,0.00001249
TOP.VexiiRiscv.execute_ctrl2_down_lane0_logic_completions_onCtrl_0_ENABLE_lane0,0.00001249
TOP.VexiiRiscv.execute_ctrl0_down_RS1_PHYS_lane0[4:0],0.00001249
TOP.VexiiRiscv.fetch_logic_ctrls_0_down_FetchCachelessPlugin_logic_BUFFER_ID[0:0],0.00001249
TOP.VexiiRiscv.execute_ctrl3_down_CsrAccessPlugin_SEL_lane0,0.00001249
TOP.VexiiRiscv.execute_ctrl2_down_CsrAccessPlugin_CSR_MASK_lane0,0.00001249
TOP.VexiiRiscv.execute_ctrl0_up_RS1_PHYS_lane0[4:0],0.00001249
TOP.VexiiRiscv.execute_ctrl4_down_BYPASSED_AT_4_lane0,0.00001249
TOP.VexiiRiscv.execute_ctrl3_down_COMPLETION_AT_3_lane0,0.00001249
TOP.VexiiRiscv.decode_ctrls_1_down_RS1_PHYS_0[4:0],0.00001249
TOP.VexiiRiscv.execute_ctrl2_down_SrcStageables_ZERO_lane0,0.00001249
TOP.VexiiRiscv.execute_ctrl1_down_early0_SrcPlugin_logic_SRC2_CTRL_lane0[1:0],0.00001249
TOP.VexiiRiscv.execute_ctrl2_down_early0_EnvPlugin_OP_lane0[2:0],0.00001249
TOP.VexiiRiscv.execute_ctrl2_down_early0_BranchPlugin_logic_jumpLogic_IS_JAL_lane0,0.00001249
TOP.VexiiRiscv.execute_ctrl2_down_early0_BranchPlugin_logic_jumpLogic_MISSALIGNED_lane0,0.00001249
TOP.VexiiRiscv.execute_ctrl2_down_LsuCachelessPlugin_logic_onPma_RSP_lane0_io,0.00001249
TOP.VexiiRiscv.execute_ctrl2_down_AguPlugin_SIZE_lane0[1:0],0.00001249
TOP.VexiiRiscv.fetch_logic_ctrls_1_down_FetchCachelessPlugin_logic_BUFFER_ID[0:0],0.00001249
TOP.VexiiRiscv.execute_ctrl2_down_BarrelShifterPlugin_SIGNED_lane0,0.00001249
TOP.VexiiRiscv.execute_ctrl2_down_BarrelShifterPlugin_LEFT_lane0,0.00001249
TOP.VexiiRiscv.execute_ctrl2_down_early0_SrcPlugin_LESS_lane0,0.00001249
TOP.VexiiRiscv.execute_ctrl2_down_early0_IntAluPlugin_ALU_ADD_SUB_lane0,0.00001249
TOP.VexiiRiscv.execute_ctrl2_down_early0_IntAluPlugin_ALU_BITWISE_CTRL_lane0[1:0],0.00001249
TOP.VexiiRiscv.CsrAccessPlugin_bus_decode_read,0.00001249
TOP.VexiiRiscv.PrivilegedPlugin_api_lsuTriggerBus_size[1:0],0.00001249
TOP.VexiiRiscv.CsrAccessPlugin_logic_wbWi_valid,0.00001249
TOP.VexiiRiscv.PrivilegedPlugin_logic_harts_0_m_cause_code[3:0],0.00001249
TOP.VexiiRiscv.FetchCachelessPlugin_logic_buffer_reserveId_willIncrement,0.00001249
TOP.VexiiRiscv.FetchCachelessPlugin_logic_buffer_reserveId_valueNext[0:0],0.00001249
TOP.VexiiRiscv.FetchCachelessPlugin_logic_buffer_reserveId_value[0:0],0.00001249
TOP.VexiiRiscv.FetchCachelessPlugin_logic_buffer_reserveId_willOverflowIfInc,0.00001249
TOP.VexiiRiscv.FetchCachelessPlugin_logic_buffer_reserveId_willOverflow,0.00001249
TOP.VexiiRiscv.FetchCachelessPlugin_logic_buffer_inflight_1,0.00001249
TOP.VexiiRiscv.FetchCachelessPlugin_logic_buffer_write_valid,0.00001249
TOP.VexiiRiscv.FetchCachelessPlugin_logic_buffer_inflightSpawn,0.00001249
TOP.VexiiRiscv.LsuCachelessPlugin_logic_onPma_port_cmd_size[1:0],0.00001249
TOP.VexiiRiscv.LsuCachelessPlugin_logic_onPma_port_rsp_io,0.00001249
TOP.VexiiRiscv.LsuCachelessPlugin_logic_bus_cmd_payload_regNext_size[1:0],0.00001249
TOP.VexiiRiscv.LsuCachelessPlugin_logic_bus_cmd_payload_regNext_io,0.00001249
TOP.VexiiRiscv.PrivilegedPlugin_logic_defaultTrap_csrPrivilege[1:0],0.00001249
TOP.VexiiRiscv.lane0_IntFormatPlugin_logic_stages_0_wb_payload[31:0],0.00001249
TOP.VexiiRiscv.lane0_IntFormatPlugin_logic_stages_0_hits[1:0],0.00001249
TOP.VexiiRiscv.lane0_IntFormatPlugin_logic_stages_0_raw[31:0],0.00001249
TOP.VexiiRiscv.lane0_IntFormatPlugin_logic_stages_1_hits[0:0],0.00001249
TOP.VexiiRiscv.lane0_IntFormatPlugin_logic_stages_2_segments_0_sign_sels_0,0.00001249
TOP.VexiiRiscv.lane0_IntFormatPlugin_logic_stages_2_segments_0_doIt,0.00001249
TOP.VexiiRiscv.lane0_IntFormatPlugin_logic_stages_2_segments_1_sign_sels_0,0.00001249
TOP.VexiiRiscv.lane0_IntFormatPlugin_logic_stages_2_segments_1_doIt,0.00001249
TOP.VexiiRiscv.early0_EnvPlugin_logic_exe_xretPriv[1:0],0.00001249
TOP.VexiiRiscv.DecoderPlugin_logic_laneLogic_0_trapPort_valid,0.00001249
TOP.VexiiRiscv.CsrRamPlugin_csrMapper_read_address[1:0],0.00001249
TOP.VexiiRiscv.CsrRamPlugin_csrMapper_write_address[1:0],0.00001249
TOP.VexiiRiscv.DispatchPlugin_logic_candidates_0_ctx_hm_RS1_PHYS[4:0],0.00001249
TOP.VexiiRiscv.CsrRamPlugin_csrMapper_ramAddress[1:0],0.00001249
TOP.VexiiRiscv.TrapPlugin_logic_harts_0_trap_pending_arbiter_ports_1_valid,0.00001249
TOP.VexiiRiscv.TrapPlugin_logic_harts_0_trap_pending_arbiter_down_payload_tval[31:0],0.00001249
TOP.VexiiRiscv.TrapPlugin_logic_harts_0_trap_pending_state_tval[31:0],0.00001249
TOP.VexiiRiscv.TrapPlugin_logic_harts_0_trap_pending_state_code[3:0],0.00001249
TOP.VexiiRiscv.TrapPlugin_logic_harts_0_trap_pending_state_arg[1:0],0.00001249
TOP.VexiiRiscv.TrapPlugin_logic_harts_0_trap_pending_pc[31:0],0.00001249
TOP.VexiiRiscv.TrapPlugin_logic_harts_0_trap_pending_xret_sourcePrivilege[1:0],0.00001249
TOP.VexiiRiscv.TrapPlugin_logic_harts_0_trap_exception_code[3:0],0.00001249
TOP.VexiiRiscv.TrapPlugin_logic_harts_0_trap_fsm_buffer_trap_tval[31:0],0.00001249
TOP.VexiiRiscv.TrapPlugin_logic_harts_0_trap_fsm_buffer_trap_code[3:0],0.00001249
TOP.VexiiRiscv.TrapPlugin_logic_harts_0_trap_fsm_jumpOffset[0:0],0.00001249
TOP.VexiiRiscv.TrapPlugin_logic_harts_0_trap_fsm_xretPrivilege[1:0],0.00001249
TOP.VexiiRiscv.CsrAccessPlugin_logic_fsm_interface_doMask,0.00001249
TOP.VexiiRiscv.CsrAccessPlugin_logic_fsm_inject_csrRead,0.00001249
TOP.VexiiRiscv.FetchCachelessPlugin_logic_fork_forked_fired,0.00001249
TOP.VexiiRiscv.FetchCachelessPlugin_logic_fork_halted_valid,0.00001249
TOP.VexiiRiscv.FetchCachelessPlugin_logic_fork_translated_valid,0.00001249
TOP.VexiiRiscv.FetchCachelessPlugin_logic_fork_translated_payload_id[0:0],0.00001249
TOP.VexiiRiscv.FetchCachelessPlugin_logic_fork_persistent_valid,0.00001249
TOP.VexiiRiscv.FetchCachelessPlugin_logic_fork_persistent_payload_id[0:0],0.00001249
TOP.VexiiRiscv.FetchCachelessPlugin_logic_fork_translated_rData_id[0:0],0.00001249
TOP.VexiiRiscv.FetchCachelessPlugin_logic_fork_translated_fire,0.00001249
TOP.VexiiRiscv.FetchCachelessPlugin_logic_bus_cmd_valid_regNext,0.00001249
TOP.VexiiRiscv.FetchCachelessPlugin_logic_bus_cmd_payload_regNext_id[0:0],0.00001249
TOP.VexiiRiscv.when_FetchCachelessPlugin_l159,0.00001249
TOP.VexiiRiscv.execute_lane0_bypasser_integer_RS1_port_address[4:0],0.00001249
TOP.VexiiRiscv.WhiteboxerPlugin_logic_storeCommit_size[1:0],0.00001249
TOP.VexiiRiscv.switch_TrapPlugin_l655[1:0],0.00001249
TOP.VexiiRiscv.TrapPlugin_logic_harts_0_trap_fsm_onExit_RESET,0.00001249
TOP.VexiiRiscv.execute_ctrl2_up_early0_IntAluPlugin_ALU_BITWISE_CTRL_lane0_string[39:0],0.00001249
TOP.VexiiRiscv.execute_ctrl2_down_early0_IntAluPlugin_ALU_BITWISE_CTRL_lane0_string[39:0],0.00001249
TOP.VexiiRiscv.FetchCachelessPlugin_logic_buffer_words[0][32:0],0.00001249
TOP.VexiiRiscv.integer_RegFilePlugin_logic_regfile_fpga.io_writes_0_data[31:0],0.00001249
TOP.VexiiRiscv.integer_RegFilePlugin_logic_regfile_fpga.io_reads_1_address[4:0],0.00001249
TOP.VexiiRiscv.integer_RegFilePlugin_logic_regfile_fpga.conv_writes_0_payload_data[31:0],0.00001249
TOP.VexiiRiscv.integer_RegFilePlugin_logic_regfile_fpga.conv_read_1_cmd_payload[4:0],0.00001249
TOP.VexiiRiscv.integer_RegFilePlugin_logic_regfile_fpga.asMem_writes_0_port_payload_data[31:0],0.00001249
TOP.VexiiRiscv.integer_RegFilePlugin_logic_regfile_fpga.asMem_reads_1_sync_port_cmd_payload[4:0],0.00001249
TOP.FetchCachelessPlugin_logic_bus_cmd_valid,0.00001249
TOP.FetchCachelessPlugin_logic_bus_cmd_payload_id[0:0],0.00001249
TOP.FetchCachelessPlugin_logic_bus_rsp_valid,0.00001249
TOP.LsuCachelessPlugin_logic_bus_cmd_payload_size[1:0],0.00001249
TOP.LsuCachelessPlugin_logic_bus_cmd_payload_io,0.00001249
TOP.VexiiRiscv.PrivilegedPlugin_logic_harts_0_int_m_timer,0.00000624
TOP.VexiiRiscv.FetchCachelessPlugin_logic_bus_cmd_ready,0.00000624
TOP.VexiiRiscv.reset,0.00000624
TOP.VexiiRiscv.integer_RegFilePlugin_logic_regfile_fpga_io_writes_0_valid,0.00000624
TOP.VexiiRiscv.CsrRamPlugin_logic_mem_spinal_port1[31:0],0.00000624
TOP.VexiiRiscv.streamArbiter_1_io_output_payload_taken,0.00000624
TOP.VexiiRiscv.streamArbiter_1_io_output_payload_isBranch,0.00000624
TOP.VexiiRiscv.streamArbiter_1_io_output_payload_wasWrong,0.00000624
TOP.VexiiRiscv.execute_ctrl4_down_RD_ENABLE_lane0,0.00000624
TOP.VexiiRiscv.execute_ctrl3_down_lane0_IntFormatPlugin_logic_SIGNED_lane0,0.00000624
TOP.VexiiRiscv.execute_ctrl4_up_LsuCachelessPlugin_logic_onJoin_READ_DATA_lane0[31:0],0.00000624
TOP.VexiiRiscv.execute_ctrl4_up_LsuCachelessPlugin_logic_onJoin_SC_MISS_lane0,0.00000624
TOP.VexiiRiscv.execute_ctrl4_up_AguPlugin_ATOMIC_lane0,0.00000624
TOP.VexiiRiscv.execute_ctrl4_up_lane0_IntFormatPlugin_logic_SIGNED_lane0,0.00000624
TOP.VexiiRiscv.execute_ctrl2_down_AguPlugin_FLOAT_lane0,0.00000624
TOP.VexiiRiscv.execute_ctrl2_down_BYPASSED_AT_4_lane0,0.00000624
TOP.VexiiRiscv.execute_ctrl2_down_BYPASSED_AT_3_lane0,0.00000624
TOP.VexiiRiscv.execute_ctrl2_down_lane0_IntFormatPlugin_logic_SIGNED_lane0,0.00000624
TOP.VexiiRiscv.execute_ctrl2_down_lane0_logic_completions_onCtrl_1_ENABLE_lane0,0.00000624
TOP.VexiiRiscv.execute_ctrl2_down_COMPLETION_AT_3_lane0,0.00000624
TOP.VexiiRiscv.execute_ctrl3_up_BYPASSED_AT_3_lane0,0.00000624
TOP.VexiiRiscv.execute_ctrl3_up_lane0_IntFormatPlugin_logic_SIGNED_lane0,0.00000624
TOP.VexiiRiscv.execute_ctrl1_down_AguPlugin_SIZE_lane0[1:0],0.00000624
TOP.VexiiRiscv.execute_ctrl2_up_AguPlugin_FLOAT_lane0,0.00000624
TOP.VexiiRiscv.execute_ctrl2_up_CsrAccessPlugin_CSR_IMM_lane0,0.00000624
TOP.VexiiRiscv.execute_ctrl2_up_SrcStageables_UNSIGNED_lane0,0.00000624
TOP.VexiiRiscv.execute_ctrl2_up_BYPASSED_AT_4_lane0,0.00000624
TOP.VexiiRiscv.execute_ctrl2_up_BYPASSED_AT_3_lane0,0.00000624
TOP.VexiiRiscv.execute_ctrl2_up_lane0_IntFormatPlugin_logic_SIGNED_lane0,0.00000624
TOP.VexiiRiscv.execute_ctrl2_up_early0_IntAluPlugin_ALU_SLTX_lane0,0.00000624
TOP.VexiiRiscv.execute_ctrl2_up_lane0_logic_completions_onCtrl_1_ENABLE_lane0,0.00000624
TOP.VexiiRiscv.execute_ctrl2_up_COMPLETION_AT_3_lane0,0.00000624
TOP.VexiiRiscv.execute_ctrl2_up_CsrAccessPlugin_SEL_lane0,0.00000624
TOP.VexiiRiscv.execute_ctrl2_up_early0_BarrelShifterPlugin_SEL_lane0,0.00000624
TOP.VexiiRiscv.execute_ctrl2_up_early0_IntAluPlugin_SEL_lane0,0.00000624
TOP.VexiiRiscv.execute_ctrl1_up_AguPlugin_SIZE_lane0[1:0],0.00000624
TOP.VexiiRiscv.fetch_logic_ctrls_1_up_FetchCachelessPlugin_logic_fork_PMA_FAULT,0.00000624
TOP.VexiiRiscv.execute_ctrl4_down_LsuCachelessPlugin_logic_onJoin_SC_MISS_lane0,0.00000624
TOP.VexiiRiscv.execute_ctrl4_down_AguPlugin_ATOMIC_lane0,0.00000624
TOP.VexiiRiscv.execute_ctrl1_down_early0_EnvPlugin_OP_lane0[2:0],0.00000624
TOP.VexiiRiscv.execute_ctrl1_down_CsrAccessPlugin_CSR_MASK_lane0,0.00000624
TOP.VexiiRiscv.execute_ctrl1_down_CsrAccessPlugin_CSR_IMM_lane0,0.00000624
TOP.VexiiRiscv.execute_ctrl1_down_BarrelShifterPlugin_SIGNED_lane0,0.00000624
TOP.VexiiRiscv.execute_ctrl1_down_BarrelShifterPlugin_LEFT_lane0,0.00000624
TOP.VexiiRiscv.execute_ctrl1_down_SrcStageables_UNSIGNED_lane0,0.00000624
TOP.VexiiRiscv.execute_ctrl1_down_lane0_IntFormatPlugin_logic_SIGNED_lane0,0.00000624
TOP.VexiiRiscv.execute_ctrl1_down_early0_IntAluPlugin_ALU_BITWISE_CTRL_lane0[1:0],0.00000624
TOP.VexiiRiscv.execute_ctrl1_down_early0_IntAluPlugin_ALU_ADD_SUB_lane0,0.00000624
TOP.VexiiRiscv.execute_ctrl1_down_early0_IntAluPlugin_SEL_lane0,0.00000624
TOP.VexiiRiscv.execute_ctrl5_up_RD_ENABLE_lane0,0.00000624
TOP.VexiiRiscv.fetch_logic_ctrls_1_down_FetchCachelessPlugin_logic_fork_PMA_FAULT,0.00000624
TOP.VexiiRiscv.fetch_logic_ctrls_0_down_FetchCachelessPlugin_logic_fork_PMA_FAULT,0.00000624
TOP.VexiiRiscv.execute_ctrl2_down_CsrAccessPlugin_CSR_IMM_lane0,0.00000624
TOP.VexiiRiscv.execute_ctrl2_down_CsrAccessPlugin_SEL_lane0,0.00000624
TOP.VexiiRiscv.execute_ctrl0_up_RS1_ENABLE_lane0,0.00000624
TOP.VexiiRiscv.execute_ctrl4_up_RD_ENABLE_lane0,0.00000624
TOP.VexiiRiscv.execute_ctrl3_down_BYPASSED_AT_3_lane0,0.00000624
TOP.VexiiRiscv.execute_ctrl4_down_LsuCachelessPlugin_logic_onJoin_READ_DATA_lane0[31:0],0.00000624
TOP.VexiiRiscv.decode_ctrls_1_down_RD_ENABLE_0,0.00000624
TOP.VexiiRiscv.decode_ctrls_1_down_RS1_ENABLE_0,0.00000624
TOP.VexiiRiscv.execute_ctrl4_down_lane0_IntFormatPlugin_logic_SIGNED_lane0,0.00000624
TOP.VexiiRiscv.execute_ctrl2_down_SrcStageables_UNSIGNED_lane0,0.00000624
TOP.VexiiRiscv.execute_ctrl1_down_early0_SrcPlugin_logic_SRC1_CTRL_lane0[0:0],0.00000624
TOP.VexiiRiscv.execute_ctrl2_down_early0_BranchPlugin_logic_jumpLogic_COND_lane0,0.00000624
TOP.VexiiRiscv.execute_ctrl0_down_AguPlugin_SIZE_lane0[1:0],0.00000624
TOP.VexiiRiscv.fetch_logic_ctrls_0_down_FetchCachelessPlugin_logic_onPma_RSP_fault,0.00000624
TOP.VexiiRiscv.execute_ctrl2_down_early0_BarrelShifterPlugin_SEL_lane0,0.00000624
TOP.VexiiRiscv.execute_ctrl2_down_early0_IntAluPlugin_SEL_lane0,0.00000624
TOP.VexiiRiscv.execute_ctrl2_down_early0_IntAluPlugin_ALU_SLTX_lane0,0.00000624
TOP.VexiiRiscv.FetchCachelessPlugin_logic_trapPort_payload_exception,0.00000624
TOP.VexiiRiscv.early0_IntAluPlugin_logic_wb_valid,0.00000624
TOP.VexiiRiscv.early0_BarrelShifterPlugin_logic_wb_valid,0.00000624
TOP.VexiiRiscv.PrivilegedPlugin_logic_harts_0_m_ip_mtip,0.00000624
TOP.VexiiRiscv.early0_EnvPlugin_logic_trapPort_payload_exception,0.00000624
TOP.VexiiRiscv.AlignerPlugin_logic_scanners_0_checker_0_last,0.00000624
TOP.VexiiRiscv.AlignerPlugin_logic_feeder_lanes_0_isRvc,0.00000624
TOP.VexiiRiscv.CsrAccessPlugin_bus_read_toWriteBits[31:0],0.00000624
TOP.VexiiRiscv.CsrAccessPlugin_bus_read_data[31:0],0.00000624
TOP.VexiiRiscv.FetchCachelessPlugin_logic_trapPort_payload_code[3:0],0.00000624
TOP.VexiiRiscv.FetchCachelessPlugin_logic_onPma_port_rsp_fault,0.00000624
TOP.VexiiRiscv.LsuCachelessPlugin_logic_bus_cmd_ready_regNext,0.00000624
TOP.VexiiRiscv.LsuCachelessPlugin_logic_bus_cmd_payload_regNext_id[0:0],0.00000624
TOP.VexiiRiscv.early0_BranchPlugin_logic_jumpLogic_needFix,0.00000624
TOP.VexiiRiscv.early0_BranchPlugin_logic_jumpLogic_learn_payload_taken,0.00000624
TOP.VexiiRiscv.early0_BranchPlugin_logic_jumpLogic_learn_payload_isBranch,0.00000624
TOP.VexiiRiscv.early0_BranchPlugin_logic_jumpLogic_learn_payload_wasWrong,0.00000624
TOP.VexiiRiscv.lane0_IntFormatPlugin_logic_stages_2_segments_0_sign_value,0.00000624
TOP.VexiiRiscv.lane0_IntFormatPlugin_logic_stages_2_segments_1_sign_sels_1,0.00000624
TOP.VexiiRiscv.LearnPlugin_logic_learn_payload_taken,0.00000624
TOP.VexiiRiscv.LearnPlugin_logic_learn_payload_isBranch,0.00000624
TOP.VexiiRiscv.LearnPlugin_logic_learn_payload_wasWrong,0.00000624
TOP.VexiiRiscv.LearnPlugin_logic_buffered_0_payload_taken,0.00000624
TOP.VexiiRiscv.LearnPlugin_logic_buffered_0_payload_isBranch,0.00000624
TOP.VexiiRiscv.LearnPlugin_logic_buffered_0_payload_wasWrong,0.00000624
TOP.VexiiRiscv.LearnPlugin_logic_arbitrated_payload_taken,0.00000624
TOP.VexiiRiscv.LearnPlugin_logic_arbitrated_payload_isBranch,0.00000624
TOP.VexiiRiscv.LearnPlugin_logic_arbitrated_payload_wasWrong,0.00000624
TOP.VexiiRiscv.LearnPlugin_logic_arbitrated_toFlow_payload_taken,0.00000624
TOP.VexiiRiscv.LearnPlugin_logic_arbitrated_toFlow_payload_isBranch,0.00000624
TOP.VexiiRiscv.LearnPlugin_logic_arbitrated_toFlow_payload_wasWrong,0.00000624
TOP.VexiiRiscv.early0_EnvPlugin_logic_exe_commit,0.00000624
TOP.VexiiRiscv.when_EnvPlugin_l123,0.00000624
TOP.VexiiRiscv.CsrRamPlugin_setup_initPort_valid,0.00000624
TOP.VexiiRiscv.CsrRamPlugin_setup_initPort_ready,0.00000624
TOP.VexiiRiscv.CsrRamPlugin_csrMapper_read_data[31:0],0.00000624
TOP.VexiiRiscv.LsuCachelessPlugin_logic_onWb_rspSplits_0[7:0],0.00000624
TOP.VexiiRiscv.LsuCachelessPlugin_logic_onWb_rspSplits_1[7:0],0.00000624
TOP.VexiiRiscv.LsuCachelessPlugin_logic_onWb_rspSplits_2[7:0],0.00000624
TOP.VexiiRiscv.LsuCachelessPlugin_logic_onWb_rspSplits_3[7:0],0.00000624
TOP.VexiiRiscv.DispatchPlugin_logic_candidates_0_ctx_hm_RS1_ENABLE,0.00000624
TOP.VexiiRiscv.DispatchPlugin_logic_candidates_0_ctx_hm_RD_ENABLE,0.00000624
TOP.VexiiRiscv.TrapPlugin_logic_initHold,0.00000624
TOP.VexiiRiscv.TrapPlugin_logic_harts_0_crsPorts_read_data[31:0],0.00000624
TOP.VexiiRiscv.TrapPlugin_logic_harts_0_trap_pending_arbiter_ports_2_payload_exception,0.00000624
TOP.VexiiRiscv.TrapPlugin_logic_harts_0_trap_pending_arbiter_ports_2_payload_code[3:0],0.00000624
TOP.VexiiRiscv.TrapPlugin_logic_harts_0_trap_fsm_wantStart,0.00000624
TOP.VexiiRiscv.TrapPlugin_logic_harts_0_trap_fsm_buffer_i_valid,0.00000624
TOP.VexiiRiscv.TrapPlugin_logic_harts_0_trap_fsm_buffer_i_code[3:0],0.00000624
TOP.VexiiRiscv.TrapPlugin_logic_harts_0_trap_fsm_buffer_i_targetPrivilege[1:0],0.00000624
TOP.VexiiRiscv.TrapPlugin_logic_harts_0_trap_fsm_resetToRunConditions_0,0.00000624
TOP.VexiiRiscv.TrapPlugin_logic_harts_0_trap_fsm_triggerEbreakReg,0.00000624
TOP.VexiiRiscv.TrapPlugin_logic_harts_0_trap_fsm_readed[31:0],0.00000624
TOP.VexiiRiscv.REG_CSR_1952,0.00000624
TOP.VexiiRiscv.REG_CSR_1953,0.00000624
TOP.VexiiRiscv.REG_CSR_1954,0.00000624
TOP.VexiiRiscv.REG_CSR_3860,0.00000624
TOP.VexiiRiscv.REG_CSR_768,0.00000624
TOP.VexiiRiscv.REG_CSR_836,0.00000624
TOP.VexiiRiscv.REG_CSR_772,0.00000624
TOP.VexiiRiscv.REG_CSR_PrivilegedPlugin_logic_readAnyWriteLegal_epcFilter,0.00000624
TOP.VexiiRiscv.REG_CSR_CsrRamPlugin_csrMapper_selFilter,0.00000624
TOP.VexiiRiscv.CsrAccessPlugin_logic_fsm_interface_doImm,0.00000624
TOP.VexiiRiscv.CsrAccessPlugin_logic_fsm_readLogic_csrValue[31:0],0.00000624
TOP.VexiiRiscv.FetchCachelessPlugin_logic_fork_persistent_ready,0.00000624
TOP.VexiiRiscv.FetchCachelessPlugin_logic_bus_cmd_ready_regNext,0.00000624
TOP.VexiiRiscv.when_FetchCachelessPlugin_l144,0.00000624
TOP.VexiiRiscv.when_FetchCachelessPlugin_l177,0.00000624
TOP.VexiiRiscv.CsrRamPlugin_logic_readLogic_port_rsp[31:0],0.00000624
TOP.VexiiRiscv.CsrRamPlugin_logic_flush_done,0.00000624
TOP.VexiiRiscv.early0_BranchPlugin_logic_jumpLogic_learn_asFlow_payload_taken,0.00000624
TOP.VexiiRiscv.early0_BranchPlugin_logic_jumpLogic_learn_asFlow_payload_isBranch,0.00000624
TOP.VexiiRiscv.early0_BranchPlugin_logic_jumpLogic_learn_asFlow_payload_wasWrong,0.00000624
TOP.VexiiRiscv.WhiteboxerPlugin_logic_prediction_learns_0_payload_taken,0.00000624
TOP.VexiiRiscv.WhiteboxerPlugin_logic_prediction_learns_0_payload_isBranch,0.00000624
TOP.VexiiRiscv.WhiteboxerPlugin_logic_prediction_learns_0_payload_wasWrong,0.00000624
TOP.VexiiRiscv.WhiteboxerPlugin_logic_storeConditional_miss,0.00000624
TOP.VexiiRiscv.FetchCachelessPlugin_logic_pmpPort_logic_torCmpAddress[19:0],0.00000624
TOP.VexiiRiscv.integer_RegFilePlugin_logic_initalizer_done,0.00000624
TOP.VexiiRiscv.when_RegFilePlugin_l130,0.00000624
TOP.VexiiRiscv.when_TrapPlugin_l362,0.00000624
TOP.VexiiRiscv.execute_ctrl2_up_early0_EnvPlugin_OP_lane0_string[79:0],0.00000624
TOP.VexiiRiscv.execute_ctrl1_down_early0_EnvPlugin_OP_lane0_string[79:0],0.00000624
TOP.VexiiRiscv.execute_ctrl1_down_early0_IntAluPlugin_ALU_BITWISE_CTRL_lane0_string[39:0],0.00000624
TOP.VexiiRiscv.execute_ctrl2_down_early0_EnvPlugin_OP_lane0_string[79:0],0.00000624
TOP.VexiiRiscv.FetchCachelessPlugin_logic_buffer_words[1][32:0],0.00000624
TOP.VexiiRiscv.CsrRamPlugin_logic_mem[3][31:0],0.00000624
TOP.VexiiRiscv.integer_RegFilePlugin_logic_regfile_fpga.io_writes_0_valid,0.00000624
TOP.VexiiRiscv.integer_RegFilePlugin_logic_regfile_fpga.reset,0.00000624
TOP.VexiiRiscv.integer_RegFilePlugin_logic_regfile_fpga.conv_writes_0_valid,0.00000624
TOP.VexiiRiscv.integer_RegFilePlugin_logic_regfile_fpga.asMem_writes_0_port_valid,0.00000624
TOP.VexiiRiscv.integer_RegFilePlugin_logic_regfile_fpga.asMem_ram[0][31:0],0.00000624
TOP.VexiiRiscv.integer_RegFilePlugin_logic_regfile_fpga.asMem_ram[1][31:0],0.00000624
TOP.VexiiRiscv.integer_RegFilePlugin_logic_regfile_fpga.asMem_ram[2][31:0],0.00000624
TOP.VexiiRiscv.integer_RegFilePlugin_logic_regfile_fpga.asMem_ram[3][31:0],0.00000624
TOP.VexiiRiscv.integer_RegFilePlugin_logic_regfile_fpga.asMem_ram[4][31:0],0.00000624
TOP.VexiiRiscv.integer_RegFilePlugin_logic_regfile_fpga.asMem_ram[5][31:0],0.00000624
TOP.VexiiRiscv.integer_RegFilePlugin_logic_regfile_fpga.asMem_ram[6][31:0],0.00000624
TOP.VexiiRiscv.integer_RegFilePlugin_logic_regfile_fpga.asMem_ram[7][31:0],0.00000624
TOP.VexiiRiscv.integer_RegFilePlugin_logic_regfile_fpga.asMem_ram[8][31:0],0.00000624
TOP.VexiiRiscv.integer_RegFilePlugin_logic_regfile_fpga.asMem_ram[9][31:0],0.00000624
TOP.VexiiRiscv.integer_RegFilePlugin_logic_regfile_fpga.asMem_ram[10][31:0],0.00000624
TOP.VexiiRiscv.integer_RegFilePlugin_logic_regfile_fpga.asMem_ram[11][31:0],0.00000624
TOP.VexiiRiscv.integer_RegFilePlugin_logic_regfile_fpga.asMem_ram[12][31:0],0.00000624
TOP.VexiiRiscv.integer_RegFilePlugin_logic_regfile_fpga.asMem_ram[13][31:0],0.00000624
TOP.VexiiRiscv.integer_RegFilePlugin_logic_regfile_fpga.asMem_ram[14][31:0],0.00000624
TOP.VexiiRiscv.integer_RegFilePlugin_logic_regfile_fpga.asMem_ram[15][31:0],0.00000624
TOP.VexiiRiscv.integer_RegFilePlugin_logic_regfile_fpga.asMem_ram[16][31:0],0.00000624
TOP.VexiiRiscv.integer_RegFilePlugin_logic_regfile_fpga.asMem_ram[17][31:0],0.00000624
TOP.VexiiRiscv.integer_RegFilePlugin_logic_regfile_fpga.asMem_ram[18][31:0],0.00000624
TOP.VexiiRiscv.integer_RegFilePlugin_logic_regfile_fpga.asMem_ram[19][31:0],0.00000624
TOP.VexiiRiscv.integer_RegFilePlugin_logic_regfile_fpga.asMem_ram[20][31:0],0.00000624
TOP.VexiiRiscv.integer_RegFilePlugin_logic_regfile_fpga.asMem_ram[21][31:0],0.00000624
TOP.VexiiRiscv.integer_RegFilePlugin_logic_regfile_fpga.asMem_ram[22][31:0],0.00000624
TOP.VexiiRiscv.integer_RegFilePlugin_logic_regfile_fpga.asMem_ram[23][31:0],0.00000624
TOP.VexiiRiscv.integer_RegFilePlugin_logic_regfile_fpga.asMem_ram[25][31:0],0.00000624
TOP.VexiiRiscv.integer_RegFilePlugin_logic_regfile_fpga.asMem_ram[26][31:0],0.00000624
TOP.VexiiRiscv.integer_RegFilePlugin_logic_regfile_fpga.asMem_ram[27][31:0],0.00000624
TOP.VexiiRiscv.integer_RegFilePlugin_logic_regfile_fpga.asMem_ram[28][31:0],0.00000624
TOP.VexiiRiscv.integer_RegFilePlugin_logic_regfile_fpga.asMem_ram[29][31:0],0.00000624
TOP.VexiiRiscv.integer_RegFilePlugin_logic_regfile_fpga.asMem_ram[30][31:0],0.00000624
TOP.VexiiRiscv.integer_RegFilePlugin_logic_regfile_fpga.asMem_ram[31][31:0],0.00000624
TOP.VexiiRiscv.streamArbiter_1.io_inputs_0_payload_taken,0.00000624
TOP.VexiiRiscv.streamArbiter_1.io_inputs_0_payload_isBranch,0.00000624
TOP.VexiiRiscv.streamArbiter_1.io_inputs_0_payload_wasWrong,0.00000624
TOP.VexiiRiscv.streamArbiter_1.io_output_payload_taken,0.00000624
TOP.VexiiRiscv.streamArbiter_1.io_output_payload_isBranch,0.00000624
TOP.VexiiRiscv.streamArbiter_1.io_output_payload_wasWrong,0.00000624
TOP.VexiiRiscv.streamArbiter_1.reset,0.00000624
TOP.PrivilegedPlugin_logic_harts_0_int_m_timer,0.00000624
TOP.FetchCachelessPlugin_logic_bus_cmd_ready,0.00000624
TOP.reset,0.00000624
TOP.VexiiRiscv.PrivilegedPlugin_logic_rdtime[63:0],0.00000000
TOP.VexiiRiscv.PrivilegedPlugin_logic_harts_0_int_m_software,0.00000000
TOP.VexiiRiscv.PrivilegedPlugin_logic_harts_0_int_m_external,0.00000000
TOP.VexiiRiscv.FetchCachelessPlugin_logic_bus_rsp_payload_error,0.00000000
TOP.VexiiRiscv.LsuCachelessPlugin_logic_bus_cmd_valid,0.00000000
TOP.VexiiRiscv.LsuCachelessPlugin_logic_bus_cmd_ready,0.00000000
TOP.VexiiRiscv.LsuCachelessPlugin_logic_bus_cmd_payload_id[0:0],0.00000000
TOP.VexiiRiscv.LsuCachelessPlugin_logic_bus_cmd_payload_fromHart,0.00000000
TOP.VexiiRiscv.LsuCachelessPlugin_logic_bus_rsp_valid,0.00000000
TOP.VexiiRiscv.LsuCachelessPlugin_logic_bus_rsp_payload_id[0:0],0.00000000
TOP.VexiiRiscv.LsuCachelessPlugin_logic_bus_rsp_payload_error,0.00000000
TOP.VexiiRiscv.LsuCachelessPlugin_logic_bus_rsp_payload_data[31:0],0.00000000
TOP.VexiiRiscv.EnvPluginOp_ECALL[2:0],0.00000000
TOP.VexiiRiscv.EnvPluginOp_EBREAK[2:0],0.00000000
TOP.VexiiRiscv.EnvPluginOp_PRIV_RET[2:0],0.00000000
TOP.VexiiRiscv.EnvPluginOp_FENCE_I[2:0],0.00000000
TOP.VexiiRiscv.EnvPluginOp_SFENCE_VMA[2:0],0.00000000
TOP.VexiiRiscv.EnvPluginOp_WFI[2:0],0.00000000
TOP.VexiiRiscv.BranchPlugin_BranchCtrlEnum_B[1:0],0.00000000
TOP.VexiiRiscv.BranchPlugin_BranchCtrlEnum_JAL[1:0],0.00000000
TOP.VexiiRiscv.BranchPlugin_BranchCtrlEnum_JALR[1:0],0.00000000
TOP.VexiiRiscv.IntAluPlugin_AluBitwiseCtrlEnum_XOR_1[1:0],0.00000000
TOP.VexiiRiscv.IntAluPlugin_AluBitwiseCtrlEnum_OR_1[1:0],0.00000000
TOP.VexiiRiscv.IntAluPlugin_AluBitwiseCtrlEnum_AND_1[1:0],0.00000000
TOP.VexiiRiscv.IntAluPlugin_AluBitwiseCtrlEnum_ZERO[1:0],0.00000000
TOP.VexiiRiscv.TrapPlugin_logic_harts_0_trap_fsm_RESET[3:0],0.00000000
TOP.VexiiRiscv.TrapPlugin_logic_harts_0_trap_fsm_RUNNING[3:0],0.00000000
TOP.VexiiRiscv.TrapPlugin_logic_harts_0_trap_fsm_PROCESS_1[3:0],0.00000000
TOP.VexiiRiscv.TrapPlugin_logic_harts_0_trap_fsm_TRAP_EPC[3:0],0.00000000
TOP.VexiiRiscv.TrapPlugin_logic_harts_0_trap_fsm_TRAP_TVAL[3:0],0.00000000
TOP.VexiiRiscv.TrapPlugin_logic_harts_0_trap_fsm_TRAP_TVEC[3:0],0.00000000
TOP.VexiiRiscv.TrapPlugin_logic_harts_0_trap_fsm_TRAP_APPLY[3:0],0.00000000
TOP.VexiiRiscv.TrapPlugin_logic_harts_0_trap_fsm_XRET_EPC[3:0],0.00000000
TOP.VexiiRiscv.TrapPlugin_logic_harts_0_trap_fsm_XRET_APPLY[3:0],0.00000000
TOP.VexiiRiscv.TrapPlugin_logic_harts_0_trap_fsm_JUMP[3:0],0.00000000
TOP.VexiiRiscv.CsrAccessPlugin_logic_fsm_IDLE[1:0],0.00000000
TOP.VexiiRiscv.CsrAccessPlugin_logic_fsm_READ[1:0],0.00000000
TOP.VexiiRiscv.CsrAccessPlugin_logic_fsm_WRITE[1:0],0.00000000
TOP.VexiiRiscv.CsrAccessPlugin_logic_fsm_COMPLETION[1:0],0.00000000
TOP.VexiiRiscv.streamArbiter_1_io_inputs_0_ready,0.00000000
TOP.VexiiRiscv.streamArbiter_1_io_output_valid,0.00000000
TOP.VexiiRiscv.streamArbiter_1_io_output_payload_isPush,0.00000000
TOP.VexiiRiscv.streamArbiter_1_io_output_payload_isPop,0.00000000
TOP.VexiiRiscv.streamArbiter_1_io_output_payload_badPredictedTarget,0.00000000
TOP.VexiiRiscv.streamArbiter_1_io_chosenOH[0:0],0.00000000
TOP.VexiiRiscv.execute_ctrl3_down_AguPlugin_ATOMIC_lane0,0.00000000
TOP.VexiiRiscv.execute_ctrl3_down_RD_ENABLE_lane0,0.00000000
TOP.VexiiRiscv.execute_ctrl3_up_AguPlugin_ATOMIC_lane0,0.00000000
TOP.VexiiRiscv.execute_ctrl1_down_isReady,0.00000000
TOP.VexiiRiscv.execute_ctrl2_up_AguPlugin_ATOMIC_lane0,0.00000000
TOP.VexiiRiscv.execute_ctrl2_up_BYPASSED_AT_2_lane0,0.00000000
TOP.VexiiRiscv.execute_ctrl2_up_LsuCachelessPlugin_FENCE_lane0,0.00000000
TOP.VexiiRiscv.execute_ctrl2_up_early0_EnvPlugin_SEL_lane0,0.00000000
TOP.VexiiRiscv.decode_ctrls_1_down_isReady,0.00000000
TOP.VexiiRiscv.decode_ctrls_0_down_Decode_DECOMPRESSION_FAULT_0,0.00000000
TOP.VexiiRiscv.decode_ctrls_0_down_isReady,0.00000000
TOP.VexiiRiscv.decode_ctrls_1_up_Decode_DECOMPRESSION_FAULT_0,0.00000000
TOP.VexiiRiscv.fetch_logic_ctrls_0_down_isReady,0.00000000
TOP.VexiiRiscv.fetch_logic_ctrls_1_up_MMU_ACCESS_FAULT,0.00000000
TOP.VexiiRiscv.fetch_logic_ctrls_1_up_MMU_PAGE_FAULT,0.00000000
TOP.VexiiRiscv.fetch_logic_ctrls_1_up_MMU_ALLOW_EXECUTE,0.00000000
TOP.VexiiRiscv.fetch_logic_ctrls_1_up_MMU_REFILL,0.00000000
TOP.VexiiRiscv.fetch_logic_ctrls_1_up_MMU_HAZARD,0.00000000
TOP.VexiiRiscv.execute_ctrl0_up_ready,0.00000000
TOP.VexiiRiscv.execute_ctrl0_down_ready,0.00000000
TOP.VexiiRiscv.execute_ctrl1_up_ready,0.00000000
TOP.VexiiRiscv.execute_ctrl1_down_ready,0.00000000
TOP.VexiiRiscv.execute_ctrl2_up_ready,0.00000000
TOP.VexiiRiscv.execute_ctrl2_down_ready,0.00000000
TOP.VexiiRiscv.execute_ctrl3_up_ready,0.00000000
TOP.VexiiRiscv.execute_ctrl3_down_ready,0.00000000
TOP.VexiiRiscv.execute_ctrl4_up_ready,0.00000000
TOP.VexiiRiscv.decode_ctrls_0_up_ready,0.00000000
TOP.VexiiRiscv.execute_ctrl4_down_ready,0.00000000
TOP.VexiiRiscv.decode_ctrls_0_down_ready,0.00000000
TOP.VexiiRiscv.fetch_logic_ctrls_0_down_ready,0.00000000
TOP.VexiiRiscv.execute_ctrl5_up_ready,0.00000000
TOP.VexiiRiscv.fetch_logic_ctrls_1_up_ready,0.00000000
TOP.VexiiRiscv.execute_ctrl5_down_ready,0.00000000
TOP.VexiiRiscv.execute_ctrl2_down_LsuCachelessPlugin_logic_pmpPort_logic_NEED_HIT_lane0,0.00000000
TOP.VexiiRiscv.fetch_logic_ctrls_0_down_FetchCachelessPlugin_logic_pmpPort_logic_NEED_HIT,0.00000000
TOP.VexiiRiscv.execute_ctrl2_down_MMU_BYPASS_TRANSLATION_lane0,0.00000000
TOP.VexiiRiscv.execute_ctrl2_down_MMU_ALLOW_EXECUTE_lane0,0.00000000
TOP.VexiiRiscv.fetch_logic_ctrls_0_down_MMU_BYPASS_TRANSLATION,0.00000000
TOP.VexiiRiscv.fetch_logic_ctrls_0_down_MMU_ACCESS_FAULT,0.00000000
TOP.VexiiRiscv.fetch_logic_ctrls_0_down_MMU_PAGE_FAULT,0.00000000
TOP.VexiiRiscv.fetch_logic_ctrls_0_down_MMU_ALLOW_WRITE,0.00000000
TOP.VexiiRiscv.fetch_logic_ctrls_0_down_MMU_ALLOW_READ,0.00000000
TOP.VexiiRiscv.fetch_logic_ctrls_0_down_MMU_ALLOW_EXECUTE,0.00000000
TOP.VexiiRiscv.execute_ctrl2_down_RD_ENABLE_lane0,0.00000000
TOP.VexiiRiscv.execute_ctrl2_RD_ENABLE_lane0_bypass,0.00000000
TOP.VexiiRiscv.execute_ctrl1_down_RD_ENABLE_lane0,0.00000000
TOP.VexiiRiscv.execute_ctrl1_RD_ENABLE_lane0_bypass,0.00000000
TOP.VexiiRiscv.execute_ctrl0_down_RD_ENABLE_lane0,0.00000000
TOP.VexiiRiscv.execute_ctrl0_RD_ENABLE_lane0_bypass,0.00000000
TOP.VexiiRiscv.execute_ctrl1_down_AguPlugin_FLOAT_lane0,0.00000000
TOP.VexiiRiscv.execute_ctrl1_down_AguPlugin_ATOMIC_lane0,0.00000000
TOP.VexiiRiscv.execute_ctrl1_down_BYPASSED_AT_4_lane0,0.00000000
TOP.VexiiRiscv.execute_ctrl1_down_BYPASSED_AT_3_lane0,0.00000000
TOP.VexiiRiscv.execute_ctrl1_down_BYPASSED_AT_2_lane0,0.00000000
TOP.VexiiRiscv.execute_ctrl1_down_early0_IntAluPlugin_ALU_SLTX_lane0,0.00000000
TOP.VexiiRiscv.execute_ctrl1_down_lane0_logic_completions_onCtrl_1_ENABLE_lane0,0.00000000
TOP.VexiiRiscv.execute_ctrl1_down_COMPLETION_AT_3_lane0,0.00000000
TOP.VexiiRiscv.execute_ctrl1_down_LsuCachelessPlugin_FENCE_lane0,0.00000000
TOP.VexiiRiscv.execute_ctrl1_down_CsrAccessPlugin_SEL_lane0,0.00000000
TOP.VexiiRiscv.execute_ctrl1_down_early0_EnvPlugin_SEL_lane0,0.00000000
TOP.VexiiRiscv.execute_ctrl1_down_early0_BarrelShifterPlugin_SEL_lane0,0.00000000
TOP.VexiiRiscv.fetch_logic_ctrls_1_down_MMU_HAZARD,0.00000000
TOP.VexiiRiscv.fetch_logic_ctrls_1_down_MMU_REFILL,0.00000000
TOP.VexiiRiscv.fetch_logic_ctrls_1_down_MMU_ACCESS_FAULT,0.00000000
TOP.VexiiRiscv.fetch_logic_ctrls_1_down_MMU_ALLOW_EXECUTE,0.00000000
TOP.VexiiRiscv.fetch_logic_ctrls_1_down_MMU_PAGE_FAULT,0.00000000
TOP.VexiiRiscv.fetch_logic_ctrls_1_down_FetchCachelessPlugin_logic_pmpPort_ACCESS_FAULT,0.00000000
TOP.VexiiRiscv.fetch_logic_ctrls_0_down_MMU_REFILL,0.00000000
TOP.VexiiRiscv.fetch_logic_ctrls_0_down_MMU_HAZARD,0.00000000
TOP.VexiiRiscv.fetch_logic_ctrls_0_up_Fetch_PC_FAULT,0.00000000
TOP.VexiiRiscv.execute_ctrl5_down_isReady,0.00000000
TOP.VexiiRiscv.fetch_logic_ctrls_1_down_ready,0.00000000
TOP.VexiiRiscv.fetch_logic_ctrls_1_down_isReady,0.00000000
TOP.VexiiRiscv.execute_ctrl0_down_isReady,0.00000000
TOP.VexiiRiscv.decode_ctrls_1_down_DecoderPlugin_logic_NEED_RM_0,0.00000000
TOP.VexiiRiscv.decode_ctrls_1_down_DecoderPlugin_logic_NEED_FPU_0,0.00000000
TOP.VexiiRiscv.execute_ctrl4_down_isReady,0.00000000
TOP.VexiiRiscv.execute_ctrl3_down_isReady,0.00000000
TOP.VexiiRiscv.execute_ctrl0_up_DispatchPlugin_logic_hcs_0_onRs_1_ENABLES_0_lane0,0.00000000
TOP.VexiiRiscv.execute_ctrl0_up_DispatchPlugin_logic_hcs_0_onRs_0_ENABLES_0_lane0,0.00000000
TOP.VexiiRiscv.execute_ctrl0_up_RD_ENABLE_lane0,0.00000000
TOP.VexiiRiscv.execute_ctrl0_up_RS2_ENABLE_lane0,0.00000000
TOP.VexiiRiscv.execute_ctrl0_up_DispatchPlugin_DONT_FLUSH_FROM_LANES_lane0,0.00000000
TOP.VexiiRiscv.execute_ctrl0_up_DispatchPlugin_DONT_FLUSH_lane0,0.00000000
TOP.VexiiRiscv.execute_ctrl0_up_DispatchPlugin_MAY_FLUSH_lane0,0.00000000
TOP.VexiiRiscv.execute_ctrl0_up_DispatchPlugin_FENCE_OLDER_lane0,0.00000000
TOP.VexiiRiscv.decode_ctrls_1_down_DispatchPlugin_logic_hcs_0_onRs_1_ENABLES_0_0,0.00000000
TOP.VexiiRiscv.decode_ctrls_1_down_DispatchPlugin_logic_hcs_0_onRs_0_ENABLES_0_0,0.00000000
TOP.VexiiRiscv.decode_ctrls_1_down_DispatchPlugin_DONT_FLUSH_FROM_LANES_0,0.00000000
TOP.VexiiRiscv.decode_ctrls_1_down_DispatchPlugin_DONT_FLUSH_0,0.00000000
TOP.VexiiRiscv.decode_ctrls_1_down_DispatchPlugin_MAY_FLUSH_0,0.00000000
TOP.VexiiRiscv.decode_ctrls_1_down_DispatchPlugin_FENCE_OLDER_0,0.00000000
TOP.VexiiRiscv.decode_ctrls_1_down_DispatchPlugin_logic_LANES_LAYER_HIT_0_0,0.00000000
TOP.VexiiRiscv.decode_ctrls_1_down_ready,0.00000000
TOP.VexiiRiscv.execute_ctrl3_up_RD_ENABLE_lane0,0.00000000
TOP.VexiiRiscv.execute_ctrl2_down_BYPASSED_AT_2_lane0,0.00000000
TOP.VexiiRiscv.execute_ctrl2_up_RD_ENABLE_lane0,0.00000000
TOP.VexiiRiscv.execute_ctrl1_down_BYPASSED_AT_1_lane0,0.00000000
TOP.VexiiRiscv.execute_ctrl1_up_RD_ENABLE_lane0,0.00000000
TOP.VexiiRiscv.execute_ctrl3_up_LsuCachelessPlugin_WITH_ACCESS_lane0,0.00000000
TOP.VexiiRiscv.execute_ctrl3_up_LsuCachelessPlugin_WITH_RSP_lane0,0.00000000
TOP.VexiiRiscv.execute_ctrl3_down_LsuCachelessPlugin_logic_onJoin_READ_DATA_lane0[31:0],0.00000000
TOP.VexiiRiscv.execute_ctrl3_down_LsuCachelessPlugin_logic_onJoin_SC_MISS_lane0,0.00000000
TOP.VexiiRiscv.execute_ctrl3_down_LsuCachelessPlugin_WITH_RSP_lane0,0.00000000
TOP.VexiiRiscv.execute_ctrl2_down_LsuCachelessPlugin_WITH_RSP_lane0,0.00000000
TOP.VexiiRiscv.execute_ctrl2_down_MMU_HAZARD_lane0,0.00000000
TOP.VexiiRiscv.execute_ctrl2_down_MMU_REFILL_lane0,0.00000000
TOP.VexiiRiscv.execute_ctrl2_down_MMU_ALLOW_READ_lane0,0.00000000
TOP.VexiiRiscv.execute_ctrl2_down_MMU_ALLOW_WRITE_lane0,0.00000000
TOP.VexiiRiscv.execute_ctrl2_down_MMU_PAGE_FAULT_lane0,0.00000000
TOP.VexiiRiscv.execute_ctrl2_down_LsuCachelessPlugin_logic_pmpPort_ACCESS_FAULT_lane0,0.00000000
TOP.VexiiRiscv.execute_ctrl2_down_MMU_ACCESS_FAULT_lane0,0.00000000
TOP.VexiiRiscv.execute_ctrl4_down_COMPLETED_lane0,0.00000000
TOP.VexiiRiscv.execute_ctrl4_COMPLETED_lane0_bypass,0.00000000
TOP.VexiiRiscv.decode_ctrls_1_up_isReady,0.00000000
TOP.VexiiRiscv.decode_ctrls_1_down_Decode_DECOMPRESSION_FAULT_0,0.00000000
TOP.VexiiRiscv.decode_ctrls_1_down_Decode_LEGAL_0,0.00000000
TOP.VexiiRiscv.decode_ctrls_1_down_RS2_ENABLE_0,0.00000000
TOP.VexiiRiscv.decode_ctrls_1_up_isCanceling,0.00000000
TOP.VexiiRiscv.decode_ctrls_1_up_ready,0.00000000
TOP.VexiiRiscv.execute_ctrl2_down_early0_EnvPlugin_SEL_lane0,0.00000000
TOP.VexiiRiscv.execute_ctrl2_down_isReady,0.00000000
TOP.VexiiRiscv.execute_ctrl2_down_early0_BranchPlugin_logic_alu_MSB_FAILED_lane0,0.00000000
TOP.VexiiRiscv.execute_ctrl2_down_early0_BranchPlugin_logic_alu_EQ_lane0,0.00000000
TOP.VexiiRiscv.decode_ctrls_1_lane0_upIsCancel,0.00000000
TOP.VexiiRiscv.decode_ctrls_1_lane0_downIsCancel,0.00000000
TOP.VexiiRiscv.execute_ctrl2_down_LsuCachelessPlugin_FENCE_lane0,0.00000000
TOP.VexiiRiscv.execute_ctrl2_down_AguPlugin_ATOMIC_lane0,0.00000000
TOP.VexiiRiscv.execute_ctrl2_down_LsuCachelessPlugin_logic_onTrigger_HIT_lane0,0.00000000
TOP.VexiiRiscv.execute_ctrl2_down_LsuCachelessPlugin_logic_onAddress_MISS_ALIGNED_lane0,0.00000000
TOP.VexiiRiscv.fetch_logic_ctrls_0_down_FetchCachelessPlugin_logic_onPma_RSP_io,0.00000000
TOP.VexiiRiscv.decode_ctrls_0_up_isReady,0.00000000
TOP.VexiiRiscv.decode_ctrls_0_up_Decode_DECOMPRESSION_FAULT_0,0.00000000
TOP.VexiiRiscv.decode_ctrls_0_lane0_downIsCancel,0.00000000
TOP.VexiiRiscv.fetch_logic_ctrls_1_down_AlignerPlugin_logic_FETCH_LAST[0:0],0.00000000
TOP.VexiiRiscv.fetch_logic_ctrls_1_down_AlignerPlugin_logic_FETCH_MASK[0:0],0.00000000
TOP.VexiiRiscv.AlignerPlugin_api_singleFetch,0.00000000
TOP.VexiiRiscv.AlignerPlugin_api_haltIt,0.00000000
TOP.VexiiRiscv.DispatchPlugin_api_haltDispatch,0.00000000
TOP.VexiiRiscv.execute_freeze_valid,0.00000000
TOP.VexiiRiscv.execute_lane0_ctrls_2_upIsCancel,0.00000000
TOP.VexiiRiscv.execute_lane0_ctrls_2_downIsCancel,0.00000000
TOP.VexiiRiscv.CsrRamPlugin_api_holdRead,0.00000000
TOP.VexiiRiscv.CsrRamPlugin_api_holdWrite,0.00000000
TOP.VexiiRiscv.CsrAccessPlugin_bus_decode_exception,0.00000000
TOP.VexiiRiscv.CsrAccessPlugin_bus_decode_write,0.00000000
TOP.VexiiRiscv.CsrAccessPlugin_bus_decode_trap,0.00000000
TOP.VexiiRiscv.PrivilegedPlugin_api_harts_0_allowInterrupts,0.00000000
TOP.VexiiRiscv.PrivilegedPlugin_api_harts_0_allowException,0.00000000
TOP.VexiiRiscv.PrivilegedPlugin_api_harts_0_allowEbreakException,0.00000000
TOP.VexiiRiscv.PrivilegedPlugin_api_harts_0_fpuEnable,0.00000000
TOP.VexiiRiscv.TrapPlugin_api_harts_0_redo,0.00000000
TOP.VexiiRiscv.TrapPlugin_api_harts_0_askWake,0.00000000
TOP.VexiiRiscv.DispatchPlugin_logic_trapPendings[0:0],0.00000000
TOP.VexiiRiscv.early0_BranchPlugin_logic_pcPort_valid,0.00000000
TOP.VexiiRiscv.early0_BranchPlugin_logic_pcPort_payload_fault,0.00000000
TOP.VexiiRiscv.PcPlugin_logic_harts_0_aggregator_sortedByPriority_1_laneValid,0.00000000
TOP.VexiiRiscv.early0_BranchPlugin_logic_flushPort_valid,0.00000000
TOP.VexiiRiscv.LsuCachelessPlugin_logic_trapPort_valid,0.00000000
TOP.VexiiRiscv.CsrAccessPlugin_logic_wbWi_payload[31:0],0.00000000
TOP.VexiiRiscv.CsrAccessPlugin_logic_flushPort_valid,0.00000000
TOP.VexiiRiscv.PrivilegedPlugin_logic_harts_0_xretAwayFromMachine,0.00000000
TOP.VexiiRiscv.PrivilegedPlugin_logic_harts_0_commitMask[0:0],0.00000000
TOP.VexiiRiscv.PrivilegedPlugin_logic_harts_0_int_pending,0.00000000
TOP.VexiiRiscv.PrivilegedPlugin_logic_harts_0_privilege[1:0],0.00000000
TOP.VexiiRiscv.PrivilegedPlugin_logic_harts_0_withMachinePrivilege,0.00000000
TOP.VexiiRiscv.PrivilegedPlugin_logic_harts_0_withSupervisorPrivilege,0.00000000
TOP.VexiiRiscv.PrivilegedPlugin_logic_harts_0_hartRunning,0.00000000
TOP.VexiiRiscv.PrivilegedPlugin_logic_harts_0_debugMode,0.00000000
TOP.VexiiRiscv.PrivilegedPlugin_logic_harts_0_m_status_mie,0.00000000
TOP.VexiiRiscv.PrivilegedPlugin_logic_harts_0_m_status_mpie,0.00000000
TOP.VexiiRiscv.PrivilegedPlugin_logic_harts_0_m_status_mpp[1:0],0.00000000
TOP.VexiiRiscv.PrivilegedPlugin_logic_harts_0_m_status_sd,0.00000000
TOP.VexiiRiscv.PrivilegedPlugin_logic_harts_0_m_status_tw,0.00000000
TOP.VexiiRiscv.PrivilegedPlugin_logic_harts_0_m_status_mprv,0.00000000
TOP.VexiiRiscv.PrivilegedPlugin_logic_harts_0_m_cause_interrupt,0.00000000
TOP.VexiiRiscv.PrivilegedPlugin_logic_harts_0_m_ip_meip,0.00000000
TOP.VexiiRiscv.PrivilegedPlugin_logic_harts_0_m_ip_msip,0.00000000
TOP.VexiiRiscv.PrivilegedPlugin_logic_harts_0_m_ie_meie,0.00000000
TOP.VexiiRiscv.PrivilegedPlugin_logic_harts_0_m_ie_mtie,0.00000000
TOP.VexiiRiscv.PrivilegedPlugin_logic_harts_0_m_ie_msie,0.00000000
TOP.VexiiRiscv.early0_EnvPlugin_logic_trapPort_valid,0.00000000
TOP.VexiiRiscv.early0_EnvPlugin_logic_trapPort_payload_tval[31:0],0.00000000
TOP.VexiiRiscv.early0_EnvPlugin_logic_trapPort_payload_code[3:0],0.00000000
TOP.VexiiRiscv.early0_EnvPlugin_logic_trapPort_payload_arg[1:0],0.00000000
TOP.VexiiRiscv.early0_EnvPlugin_logic_flushPort_valid,0.00000000
TOP.VexiiRiscv.early0_BranchPlugin_pcCalc_slices[1:0],0.00000000
TOP.VexiiRiscv.AlignerPlugin_logic_maskGen_frontMasks_0[0:0],0.00000000
TOP.VexiiRiscv.AlignerPlugin_logic_maskGen_backMasks_0[0:0],0.00000000
TOP.VexiiRiscv.AlignerPlugin_logic_slices_last[0:0],0.00000000
TOP.VexiiRiscv.AlignerPlugin_logic_scanners_0_usageMask[0:0],0.00000000
TOP.VexiiRiscv.AlignerPlugin_logic_scanners_0_checker_0_required,0.00000000
TOP.VexiiRiscv.AlignerPlugin_logic_scanners_0_checker_0_redo,0.00000000
TOP.VexiiRiscv.AlignerPlugin_logic_scanners_0_redo,0.00000000
TOP.VexiiRiscv.AlignerPlugin_logic_usedMask_0[0:0],0.00000000
TOP.VexiiRiscv.AlignerPlugin_logic_usedMask_1[0:0],0.00000000
TOP.VexiiRiscv.AlignerPlugin_logic_extractors_0_first,0.00000000
TOP.VexiiRiscv.AlignerPlugin_logic_extractors_0_redo,0.00000000
TOP.VexiiRiscv.AlignerPlugin_logic_extractors_0_localMask[0:0],0.00000000
TOP.VexiiRiscv.AlignerPlugin_logic_extractors_0_usageMask[0:0],0.00000000
TOP.VexiiRiscv.when_AlignerPlugin_l160,0.00000000
TOP.VexiiRiscv.AlignerPlugin_logic_nobuffer_mask[0:0],0.00000000
TOP.VexiiRiscv.AlignerPlugin_logic_nobuffer_remaningMask[0:0],0.00000000
TOP.VexiiRiscv.CsrAccessPlugin_bus_decode_trapCode[3:0],0.00000000
TOP.VexiiRiscv.CsrAccessPlugin_bus_read_valid,0.00000000
TOP.VexiiRiscv.CsrAccessPlugin_bus_read_moving,0.00000000
TOP.VexiiRiscv.CsrAccessPlugin_bus_read_halt,0.00000000
TOP.VexiiRiscv.CsrAccessPlugin_bus_write_valid,0.00000000
TOP.VexiiRiscv.CsrAccessPlugin_bus_write_moving,0.00000000
TOP.VexiiRiscv.CsrAccessPlugin_bus_write_halt,0.00000000
TOP.VexiiRiscv.FetchCachelessPlugin_logic_trapPort_payload_arg[1:0],0.00000000
TOP.VexiiRiscv.FetchCachelessPlugin_logic_buffer_reserveId_willClear,0.00000000
TOP.VexiiRiscv.FetchCachelessPlugin_logic_buffer_write_payload_data_error,0.00000000
TOP.VexiiRiscv.FetchCachelessPlugin_logic_onPma_port_rsp_io,0.00000000
TOP.VexiiRiscv.LsuCachelessPlugin_logic_flushPort_valid,0.00000000
TOP.VexiiRiscv.LsuCachelessPlugin_logic_flushPort_payload_self,0.00000000
TOP.VexiiRiscv.execute_lane0_ctrls_0_upIsCancel,0.00000000
TOP.VexiiRiscv.execute_lane0_ctrls_0_downIsCancel,0.00000000
TOP.VexiiRiscv.execute_lane0_ctrls_3_upIsCancel,0.00000000
TOP.VexiiRiscv.execute_lane0_ctrls_3_downIsCancel,0.00000000
TOP.VexiiRiscv.execute_lane0_ctrls_4_upIsCancel,0.00000000
TOP.VexiiRiscv.execute_lane0_ctrls_4_downIsCancel,0.00000000
TOP.VexiiRiscv.LsuCachelessPlugin_logic_cmdInflights,0.00000000
TOP.VexiiRiscv.when_LsuCachelessPlugin_l215,0.00000000
TOP.VexiiRiscv.LsuCachelessPlugin_logic_onFork_askFenceReg,0.00000000
TOP.VexiiRiscv.LsuCachelessPlugin_logic_onFork_askFence,0.00000000
TOP.VexiiRiscv.LsuCachelessPlugin_logic_onFork_doFence,0.00000000
TOP.VexiiRiscv.LsuCachelessPlugin_logic_bus_cmd_fire,0.00000000
TOP.VexiiRiscv.LsuCachelessPlugin_logic_onFork_cmdCounter_willIncrement,0.00000000
TOP.VexiiRiscv.LsuCachelessPlugin_logic_onFork_cmdCounter_willClear,0.00000000
TOP.VexiiRiscv.LsuCachelessPlugin_logic_onFork_cmdCounter_valueNext[0:0],0.00000000
TOP.VexiiRiscv.LsuCachelessPlugin_logic_onFork_cmdCounter_value[0:0],0.00000000
TOP.VexiiRiscv.LsuCachelessPlugin_logic_onFork_cmdCounter_willOverflowIfInc,0.00000000
TOP.VexiiRiscv.LsuCachelessPlugin_logic_onFork_cmdCounter_willOverflow,0.00000000
TOP.VexiiRiscv.LsuCachelessPlugin_logic_onFork_cmdSent,0.00000000
TOP.VexiiRiscv.when_LsuCachelessPlugin_l220,0.00000000
TOP.VexiiRiscv.LsuCachelessPlugin_logic_bus_cmd_valid_regNext,0.00000000
TOP.VexiiRiscv.LsuCachelessPlugin_logic_bus_cmd_isStall,0.00000000
TOP.VexiiRiscv.LsuCachelessPlugin_logic_bus_cmd_isStall_regNext,0.00000000
TOP.VexiiRiscv.LsuCachelessPlugin_logic_bus_cmd_payload_regNext_fromHart,0.00000000
TOP.VexiiRiscv.LsuCachelessPlugin_logic_onFork_freezeIt,0.00000000
TOP.VexiiRiscv.decode_ctrls_0_up_LANE_SEL_0_regNext,0.00000000
TOP.VexiiRiscv.when_CtrlLaneApi_l50,0.00000000
TOP.VexiiRiscv.early0_BranchPlugin_logic_flushPort_payload_self,0.00000000
TOP.VexiiRiscv.early0_BranchPlugin_logic_trapPort_valid,0.00000000
TOP.VexiiRiscv.early0_BranchPlugin_logic_trapPort_payload_exception,0.00000000
TOP.VexiiRiscv.early0_BranchPlugin_logic_trapPort_payload_code[3:0],0.00000000
TOP.VexiiRiscv.early0_BranchPlugin_logic_trapPort_payload_arg[1:0],0.00000000
TOP.VexiiRiscv.early0_BranchPlugin_logic_alu_expectedMsb,0.00000000
TOP.VexiiRiscv.early0_BranchPlugin_logic_jumpLogic_doIt,0.00000000
TOP.VexiiRiscv.when_BranchPlugin_l251,0.00000000
TOP.VexiiRiscv.early0_BranchPlugin_logic_jumpLogic_rs1Link,0.00000000
TOP.VexiiRiscv.early0_BranchPlugin_logic_jumpLogic_rdEquRs1,0.00000000
TOP.VexiiRiscv.early0_BranchPlugin_logic_jumpLogic_learn_valid,0.00000000
TOP.VexiiRiscv.early0_BranchPlugin_logic_jumpLogic_learn_ready,0.00000000
TOP.VexiiRiscv.early0_BranchPlugin_logic_jumpLogic_learn_payload_isPush,0.00000000
TOP.VexiiRiscv.early0_BranchPlugin_logic_jumpLogic_learn_payload_isPop,0.00000000
TOP.VexiiRiscv.early0_BranchPlugin_logic_jumpLogic_learn_payload_badPredictedTarget,0.00000000
TOP.VexiiRiscv.CsrAccessPlugin_logic_flushPort_payload_self,0.00000000
TOP.VexiiRiscv.CsrAccessPlugin_logic_trapPort_valid,0.00000000
TOP.VexiiRiscv.CsrAccessPlugin_logic_trapPort_payload_exception,0.00000000
TOP.VexiiRiscv.CsrAccessPlugin_logic_trapPort_payload_code[3:0],0.00000000
TOP.VexiiRiscv.CsrAccessPlugin_logic_trapPort_payload_arg[1:0],0.00000000
TOP.VexiiRiscv.early0_EnvPlugin_logic_flushPort_payload_self,0.00000000
TOP.VexiiRiscv.PrivilegedPlugin_logic_defaultTrap_csrReadOnly,0.00000000
TOP.VexiiRiscv.when_PrivilegedPlugin_l689,0.00000000
TOP.VexiiRiscv.execute_lane0_ctrls_1_upIsCancel,0.00000000
TOP.VexiiRiscv.execute_lane0_ctrls_1_downIsCancel,0.00000000
TOP.VexiiRiscv.lane0_IntFormatPlugin_logic_stages_0_wb_valid,0.00000000
TOP.VexiiRiscv.lane0_IntFormatPlugin_logic_stages_1_wb_valid,0.00000000
TOP.VexiiRiscv.lane0_IntFormatPlugin_logic_stages_1_wb_payload[31:0],0.00000000
TOP.VexiiRiscv.lane0_IntFormatPlugin_logic_stages_1_raw[31:0],0.00000000
TOP.VexiiRiscv.lane0_IntFormatPlugin_logic_stages_2_wb_valid,0.00000000
TOP.VexiiRiscv.LearnPlugin_logic_learn_valid,0.00000000
TOP.VexiiRiscv.LearnPlugin_logic_learn_payload_isPush,0.00000000
TOP.VexiiRiscv.LearnPlugin_logic_learn_payload_isPop,0.00000000
TOP.VexiiRiscv.LearnPlugin_logic_learn_payload_badPredictedTarget,0.00000000
TOP.VexiiRiscv.LearnPlugin_logic_buffered_0_valid,0.00000000
TOP.VexiiRiscv.LearnPlugin_logic_buffered_0_ready,0.00000000
TOP.VexiiRiscv.LearnPlugin_logic_buffered_0_payload_isPush,0.00000000
TOP.VexiiRiscv.LearnPlugin_logic_buffered_0_payload_isPop,0.00000000
TOP.VexiiRiscv.LearnPlugin_logic_buffered_0_payload_badPredictedTarget,0.00000000
TOP.VexiiRiscv.LearnPlugin_logic_arbitrated_valid,0.00000000
TOP.VexiiRiscv.LearnPlugin_logic_arbitrated_ready,0.00000000
TOP.VexiiRiscv.LearnPlugin_logic_arbitrated_payload_isPush,0.00000000
TOP.VexiiRiscv.LearnPlugin_logic_arbitrated_payload_isPop,0.00000000
TOP.VexiiRiscv.LearnPlugin_logic_arbitrated_payload_badPredictedTarget,0.00000000
TOP.VexiiRiscv.LearnPlugin_logic_arbitrated_toFlow_valid,0.00000000
TOP.VexiiRiscv.LearnPlugin_logic_arbitrated_toFlow_payload_isPush,0.00000000
TOP.VexiiRiscv.LearnPlugin_logic_arbitrated_toFlow_payload_isPop,0.00000000
TOP.VexiiRiscv.LearnPlugin_logic_arbitrated_toFlow_payload_badPredictedTarget,0.00000000
TOP.VexiiRiscv.early0_EnvPlugin_logic_exe_privilege[1:0],0.00000000
TOP.VexiiRiscv.early0_EnvPlugin_logic_exe_retKo,0.00000000
TOP.VexiiRiscv.early0_EnvPlugin_logic_exe_vmaKo,0.00000000
TOP.VexiiRiscv.when_EnvPlugin_l86,0.00000000
TOP.VexiiRiscv.when_EnvPlugin_l95,0.00000000
TOP.VexiiRiscv.when_EnvPlugin_l119,0.00000000
TOP.VexiiRiscv.CsrRamPlugin_setup_initPort_data[31:0],0.00000000
TOP.VexiiRiscv.DecoderPlugin_logic_interrupt_async[0:0],0.00000000
TOP.VexiiRiscv.when_DecoderPlugin_l146,0.00000000
TOP.VexiiRiscv.DecoderPlugin_logic_interrupt_buffered[0:0],0.00000000
TOP.VexiiRiscv.DecoderPlugin_logic_laneLogic_0_interruptPending,0.00000000
TOP.VexiiRiscv.DecoderPlugin_logic_laneLogic_0_trapPort_payload_exception,0.00000000
TOP.VexiiRiscv.DecoderPlugin_logic_laneLogic_0_trapPort_payload_code[3:0],0.00000000
TOP.VexiiRiscv.DecoderPlugin_logic_laneLogic_0_trapPort_payload_arg[1:0],0.00000000
TOP.VexiiRiscv.DecoderPlugin_logic_laneLogic_0_trapPort_payload_laneAge[0:0],0.00000000
TOP.VexiiRiscv.DecoderPlugin_logic_laneLogic_0_completionPort_payload_trap,0.00000000
TOP.VexiiRiscv.DecoderPlugin_logic_laneLogic_0_completionPort_payload_commit,0.00000000
TOP.VexiiRiscv.decode_ctrls_1_up_LANE_SEL_0_regNext,0.00000000
TOP.VexiiRiscv.when_CtrlLaneApi_l50_1,0.00000000
TOP.VexiiRiscv.DecoderPlugin_logic_laneLogic_0_flushPort_payload_self,0.00000000
TOP.VexiiRiscv.when_DecoderPlugin_l240,0.00000000
TOP.VexiiRiscv.CsrRamPlugin_csrMapper_read_valid,0.00000000
TOP.VexiiRiscv.CsrRamPlugin_csrMapper_read_ready,0.00000000
TOP.VexiiRiscv.CsrRamPlugin_csrMapper_write_valid,0.00000000
TOP.VexiiRiscv.CsrRamPlugin_csrMapper_write_ready,0.00000000
TOP.VexiiRiscv.when_LsuCachelessPlugin_l261,0.00000000
TOP.VexiiRiscv.when_LsuCachelessPlugin_l274,0.00000000
TOP.VexiiRiscv.when_LsuCachelessPlugin_l315,0.00000000
TOP.VexiiRiscv.LsuCachelessPlugin_logic_onJoin_buffers_0_valid,0.00000000
TOP.VexiiRiscv.LsuCachelessPlugin_logic_onJoin_buffers_0_inflight,0.00000000
TOP.VexiiRiscv.LsuCachelessPlugin_logic_onJoin_buffers_0_payload_error,0.00000000
TOP.VexiiRiscv.LsuCachelessPlugin_logic_onJoin_buffers_0_payload_data[31:0],0.00000000
TOP.VexiiRiscv.LsuCachelessPlugin_logic_onJoin_buffers_1_valid,0.00000000
TOP.VexiiRiscv.LsuCachelessPlugin_logic_onJoin_buffers_1_inflight,0.00000000
TOP.VexiiRiscv.LsuCachelessPlugin_logic_onJoin_buffers_1_payload_error,0.00000000
TOP.VexiiRiscv.LsuCachelessPlugin_logic_onJoin_buffers_1_payload_data[31:0],0.00000000
TOP.VexiiRiscv.LsuCachelessPlugin_logic_onJoin_busRspWithoutId_error,0.00000000
TOP.VexiiRiscv.LsuCachelessPlugin_logic_onJoin_busRspWithoutId_data[31:0],0.00000000
TOP.VexiiRiscv.LsuCachelessPlugin_logic_onJoin_pop,0.00000000
TOP.VexiiRiscv.LsuCachelessPlugin_logic_onJoin_rspCounter_willIncrement,0.00000000
TOP.VexiiRiscv.LsuCachelessPlugin_logic_onJoin_rspCounter_willClear,0.00000000
TOP.VexiiRiscv.LsuCachelessPlugin_logic_onJoin_rspCounter_valueNext[0:0],0.00000000
TOP.VexiiRiscv.LsuCachelessPlugin_logic_onJoin_rspCounter_value[0:0],0.00000000
TOP.VexiiRiscv.LsuCachelessPlugin_logic_onJoin_rspCounter_willOverflowIfInc,0.00000000
TOP.VexiiRiscv.LsuCachelessPlugin_logic_onJoin_rspCounter_willOverflow,0.00000000
TOP.VexiiRiscv.LsuCachelessPlugin_logic_onJoin_readerValid,0.00000000
TOP.VexiiRiscv.LsuCachelessPlugin_logic_onJoin_busRspHit,0.00000000
TOP.VexiiRiscv.LsuCachelessPlugin_logic_onJoin_rspValid,0.00000000
TOP.VexiiRiscv.LsuCachelessPlugin_logic_onJoin_rspPayload_error,0.00000000
TOP.VexiiRiscv.LsuCachelessPlugin_logic_onJoin_rspPayload_data[31:0],0.00000000
TOP.VexiiRiscv.DispatchPlugin_logic_candidates_0_ctx_laneLayerHits[0:0],0.00000000
TOP.VexiiRiscv.DispatchPlugin_logic_candidates_0_ctx_hm_DispatchPlugin_FENCE_OLDER,0.00000000
TOP.VexiiRiscv.DispatchPlugin_logic_candidates_0_ctx_hm_DispatchPlugin_MAY_FLUSH,0.00000000
TOP.VexiiRiscv.DispatchPlugin_logic_candidates_0_ctx_hm_DispatchPlugin_DONT_FLUSH,0.00000000
TOP.VexiiRiscv.DispatchPlugin_logic_candidates_0_ctx_hm_DispatchPlugin_DONT_FLUSH_FROM_LANES,0.00000000
TOP.VexiiRiscv.DispatchPlugin_logic_candidates_0_ctx_hm_RS2_ENABLE,0.00000000
TOP.VexiiRiscv.DispatchPlugin_logic_candidates_0_ctx_hm_DispatchPlugin_logic_hcs_0_onRs_0_ENABLES_0,0.00000000
TOP.VexiiRiscv.DispatchPlugin_logic_candidates_0_ctx_hm_DispatchPlugin_logic_hcs_0_onRs_1_ENABLES_0,0.00000000
TOP.VexiiRiscv.DispatchPlugin_logic_candidates_0_cancel,0.00000000
TOP.VexiiRiscv.DispatchPlugin_logic_candidates_0_rsHazards[0:0],0.00000000
TOP.VexiiRiscv.DispatchPlugin_logic_candidates_0_reservationHazards[0:0],0.00000000
TOP.VexiiRiscv.DispatchPlugin_logic_candidates_0_flushHazards,0.00000000
TOP.VexiiRiscv.DispatchPlugin_logic_candidates_0_fenceOlderHazards,0.00000000
TOP.VexiiRiscv.DispatchPlugin_logic_candidates_0_moving,0.00000000
TOP.VexiiRiscv.DispatchPlugin_logic_rsHazardChecker_0_onLl_0_onRs_0_hazard,0.00000000
TOP.VexiiRiscv.DispatchPlugin_logic_rsHazardChecker_0_onLl_0_onRs_1_hazard,0.00000000
TOP.VexiiRiscv.DispatchPlugin_logic_reservationChecker_0_onLl_0_hit,0.00000000
TOP.VexiiRiscv.DispatchPlugin_logic_flushChecker_0_oldersHazard,0.00000000
TOP.VexiiRiscv.DispatchPlugin_logic_feeds_0_sent,0.00000000
TOP.VexiiRiscv.when_DispatchPlugin_l368,0.00000000
TOP.VexiiRiscv.DispatchPlugin_logic_scheduler_eusFree_0[0:0],0.00000000
TOP.VexiiRiscv.DispatchPlugin_logic_scheduler_hartFree_0[0:0],0.00000000
TOP.VexiiRiscv.DispatchPlugin_logic_scheduler_hartFree_1[0:0],0.00000000
TOP.VexiiRiscv.DispatchPlugin_logic_scheduler_arbiters_0_candHazard,0.00000000
TOP.VexiiRiscv.DispatchPlugin_logic_scheduler_arbiters_0_layersHits[0:0],0.00000000
TOP.VexiiRiscv.DispatchPlugin_logic_scheduler_arbiters_0_layersHits_bools_0,0.00000000
TOP.VexiiRiscv.DispatchPlugin_logic_scheduler_arbiters_0_layerOh[0:0],0.00000000
TOP.VexiiRiscv.DispatchPlugin_logic_scheduler_arbiters_0_eusOh[0:0],0.00000000
TOP.VexiiRiscv.when_DispatchPlugin_l439,0.00000000
TOP.VexiiRiscv.lane0_integer_WriteBackPlugin_logic_stages_0_write_valid,0.00000000
TOP.VexiiRiscv.lane0_integer_WriteBackPlugin_logic_stages_1_hits[0:0],0.00000000
TOP.VexiiRiscv.lane0_integer_WriteBackPlugin_logic_stages_1_muxed[31:0],0.00000000
TOP.VexiiRiscv.lane0_integer_WriteBackPlugin_logic_stages_1_write_valid,0.00000000
TOP.VexiiRiscv.lane0_integer_WriteBackPlugin_logic_stages_1_write_payload_data[31:0],0.00000000
TOP.VexiiRiscv.lane0_integer_WriteBackPlugin_logic_stages_2_hits[0:0],0.00000000
TOP.VexiiRiscv.lane0_integer_WriteBackPlugin_logic_stages_2_muxed[31:0],0.00000000
TOP.VexiiRiscv.lane0_integer_WriteBackPlugin_logic_stages_2_write_valid,0.00000000
TOP.VexiiRiscv.lane0_integer_WriteBackPlugin_logic_stages_2_write_payload_data[31:0],0.00000000
TOP.VexiiRiscv.lane0_integer_WriteBackPlugin_logic_write_port_valid,0.00000000
TOP.VexiiRiscv.CsrRamPlugin_csrMapper_withRead,0.00000000
TOP.VexiiRiscv.when_CsrRamPlugin_l85,0.00000000
TOP.VexiiRiscv.CsrRamPlugin_csrMapper_doWrite,0.00000000
TOP.VexiiRiscv.CsrRamPlugin_csrMapper_fired,0.00000000
TOP.VexiiRiscv.when_CsrRamPlugin_l92,0.00000000
TOP.VexiiRiscv.when_CsrRamPlugin_l96,0.00000000
TOP.VexiiRiscv.LsuCachelessPlugin_pmaBuilder_onTransfers_0_addressHit,0.00000000
TOP.VexiiRiscv.LsuCachelessPlugin_pmaBuilder_onTransfers_0_argsHit,0.00000000
TOP.VexiiRiscv.LsuCachelessPlugin_pmaBuilder_onTransfers_0_hit,0.00000000
TOP.VexiiRiscv.decode_ctrls_1_up_LANE_SEL_0_regNext_1,0.00000000
TOP.VexiiRiscv.when_CtrlLaneApi_l50_2,0.00000000
TOP.VexiiRiscv.execute_ctrl0_down_LANE_SEL_lane0_regNext,0.00000000
TOP.VexiiRiscv.when_CtrlLaneApi_l50_3,0.00000000
TOP.VexiiRiscv.execute_ctrl2_down_LANE_SEL_lane0_regNext,0.00000000
TOP.VexiiRiscv.when_CtrlLaneApi_l50_4,0.00000000
TOP.VexiiRiscv.WhiteboxerPlugin_logic_executes_0_fire,0.00000000
TOP.VexiiRiscv.WhiteboxerPlugin_logic_csr_access_valid,0.00000000
TOP.VexiiRiscv.WhiteboxerPlugin_logic_csr_access_payload_read[31:0],0.00000000
TOP.VexiiRiscv.WhiteboxerPlugin_logic_csr_access_payload_writeDone,0.00000000
TOP.VexiiRiscv.WhiteboxerPlugin_logic_csr_access_payload_readDone,0.00000000
TOP.VexiiRiscv.when_AlignerPlugin_l298,0.00000000
TOP.VexiiRiscv.decode_logic_flushes_1_onLanes_0_doIt,0.00000000
TOP.VexiiRiscv.TrapPlugin_logic_harts_0_interrupt_valid,0.00000000
TOP.VexiiRiscv.TrapPlugin_logic_harts_0_interrupt_code[3:0],0.00000000
TOP.VexiiRiscv.TrapPlugin_logic_harts_0_interrupt_targetPrivilege[1:0],0.00000000
TOP.VexiiRiscv.when_TrapPlugin_l201,0.00000000
TOP.VexiiRiscv.when_TrapPlugin_l207,0.00000000
TOP.VexiiRiscv.when_TrapPlugin_l207_1,0.00000000
TOP.VexiiRiscv.when_TrapPlugin_l207_2,0.00000000
TOP.VexiiRiscv.TrapPlugin_logic_harts_0_interrupt_validBuffer,0.00000000
TOP.VexiiRiscv.TrapPlugin_logic_harts_0_interrupt_pendingInterrupt,0.00000000
TOP.VexiiRiscv.when_TrapPlugin_l226,0.00000000
TOP.VexiiRiscv.TrapPlugin_logic_harts_0_trap_pending_arbiter_ports_0_valid,0.00000000
TOP.VexiiRiscv.TrapPlugin_logic_harts_0_trap_pending_arbiter_ports_0_payload_exception,0.00000000
TOP.VexiiRiscv.TrapPlugin_logic_harts_0_trap_pending_arbiter_ports_0_payload_tval[31:0],0.00000000
TOP.VexiiRiscv.TrapPlugin_logic_harts_0_trap_pending_arbiter_ports_0_payload_code[3:0],0.00000000
TOP.VexiiRiscv.TrapPlugin_logic_harts_0_trap_pending_arbiter_ports_0_payload_arg[1:0],0.00000000
TOP.VexiiRiscv.TrapPlugin_logic_harts_0_trap_pending_arbiter_ports_1_payload_exception,0.00000000
TOP.VexiiRiscv.TrapPlugin_logic_harts_0_trap_pending_arbiter_ports_1_payload_code[3:0],0.00000000
TOP.VexiiRiscv.TrapPlugin_logic_harts_0_trap_pending_arbiter_ports_1_payload_arg[1:0],0.00000000
TOP.VexiiRiscv.TrapPlugin_logic_harts_0_trap_pending_arbiter_ports_2_payload_arg[1:0],0.00000000
TOP.VexiiRiscv.TrapPlugin_logic_harts_0_trap_pending_state_exception,0.00000000
TOP.VexiiRiscv.TrapPlugin_logic_harts_0_trap_pending_slices[0:0],0.00000000
TOP.VexiiRiscv.TrapPlugin_logic_harts_0_trap_pending_xret_targetPrivilege[1:0],0.00000000
TOP.VexiiRiscv.TrapPlugin_logic_harts_0_trap_exception_exceptionTargetPrivilegeUncapped[1:0],0.00000000
TOP.VexiiRiscv.TrapPlugin_logic_harts_0_trap_exception_targetPrivilege[1:0],0.00000000
TOP.VexiiRiscv.execute_lane0_ctrls_5_upIsCancel,0.00000000
TOP.VexiiRiscv.execute_lane0_ctrls_5_downIsCancel,0.00000000
TOP.VexiiRiscv.TrapPlugin_logic_harts_0_trap_whitebox_interrupt,0.00000000
TOP.VexiiRiscv.TrapPlugin_logic_harts_0_trap_pcPort_payload_fault,0.00000000
TOP.VexiiRiscv.PcPlugin_logic_harts_0_aggregator_sortedByPriority_0_laneValid,0.00000000
TOP.VexiiRiscv.TrapPlugin_logic_harts_0_trap_fsm_wantExit,0.00000000
TOP.VexiiRiscv.TrapPlugin_logic_harts_0_trap_fsm_wantKill,0.00000000
TOP.VexiiRiscv.TrapPlugin_logic_harts_0_trap_fsm_wfi,0.00000000
TOP.VexiiRiscv.TrapPlugin_logic_harts_0_trap_fsm_buffer_trap_interrupt,0.00000000
TOP.VexiiRiscv.TrapPlugin_logic_harts_0_trap_fsm_buffer_trap_targetPrivilege[1:0],0.00000000
TOP.VexiiRiscv.TrapPlugin_logic_harts_0_trap_fsm_trapEnterDebug,0.00000000
TOP.VexiiRiscv.TrapPlugin_logic_harts_0_trap_fsm_triggerEbreak,0.00000000
TOP.VexiiRiscv.PcPlugin_logic_harts_0_self_flow_valid,0.00000000
TOP.VexiiRiscv.PcPlugin_logic_harts_0_self_flow_payload_fault,0.00000000
TOP.VexiiRiscv.PcPlugin_logic_harts_0_aggregator_sortedByPriority_2_laneValid,0.00000000
TOP.VexiiRiscv.PcPlugin_logic_harts_0_self_fault,0.00000000
TOP.VexiiRiscv.PcPlugin_logic_harts_0_aggregator_valids_1,0.00000000
TOP.VexiiRiscv.PcPlugin_logic_harts_0_aggregator_valids_2,0.00000000
TOP.VexiiRiscv.PcPlugin_logic_harts_0_aggregator_fault,0.00000000
TOP.VexiiRiscv.PcPlugin_logic_harts_0_output_payload_fault,0.00000000
TOP.VexiiRiscv.CsrAccessPlugin_logic_fsm_wantExit,0.00000000
TOP.VexiiRiscv.CsrAccessPlugin_logic_fsm_wantStart,0.00000000
TOP.VexiiRiscv.CsrAccessPlugin_logic_fsm_wantKill,0.00000000
TOP.VexiiRiscv.REG_CSR_3857,0.00000000
TOP.VexiiRiscv.REG_CSR_3858,0.00000000
TOP.VexiiRiscv.REG_CSR_3859,0.00000000
TOP.VexiiRiscv.REG_CSR_769,0.00000000
TOP.VexiiRiscv.REG_CSR_834,0.00000000
TOP.VexiiRiscv.REG_CSR_PrivilegedPlugin_logic_readAnyWriteLegal_tvecFilter,0.00000000
TOP.VexiiRiscv.REG_CSR_CsrAccessPlugin_logic_trapNextOnWriteFilter,0.00000000
TOP.VexiiRiscv.CsrAccessPlugin_logic_fsm_interface_read,0.00000000
TOP.VexiiRiscv.CsrAccessPlugin_logic_fsm_interface_write,0.00000000
TOP.VexiiRiscv.CsrAccessPlugin_logic_fsm_interface_aluInput[31:0],0.00000000
TOP.VexiiRiscv.CsrAccessPlugin_logic_fsm_interface_csrValue[31:0],0.00000000
TOP.VexiiRiscv.CsrAccessPlugin_logic_fsm_interface_rdEnable,0.00000000
TOP.VexiiRiscv.CsrAccessPlugin_logic_fsm_interface_fire,0.00000000
TOP.VexiiRiscv.CsrAccessPlugin_logic_fsm_inject_immZero,0.00000000
TOP.VexiiRiscv.CsrAccessPlugin_logic_fsm_inject_srcZero,0.00000000
TOP.VexiiRiscv.CsrAccessPlugin_logic_fsm_inject_csrWrite,0.00000000
TOP.VexiiRiscv.COMB_CSR_1952,0.00000000
TOP.VexiiRiscv.COMB_CSR_1953,0.00000000
TOP.VexiiRiscv.COMB_CSR_1954,0.00000000
TOP.VexiiRiscv.COMB_CSR_3857,0.00000000
TOP.VexiiRiscv.COMB_CSR_3858,0.00000000
TOP.VexiiRiscv.COMB_CSR_3859,0.00000000
TOP.VexiiRiscv.COMB_CSR_3860,0.00000000
TOP.VexiiRiscv.COMB_CSR_769,0.00000000
TOP.VexiiRiscv.COMB_CSR_768,0.00000000
TOP.VexiiRiscv.COMB_CSR_834,0.00000000
TOP.VexiiRiscv.COMB_CSR_836,0.00000000
TOP.VexiiRiscv.COMB_CSR_772,0.00000000
TOP.VexiiRiscv.COMB_CSR_PrivilegedPlugin_logic_readAnyWriteLegal_tvecFilter,0.00000000
TOP.VexiiRiscv.COMB_CSR_PrivilegedPlugin_logic_readAnyWriteLegal_epcFilter,0.00000000
TOP.VexiiRiscv.COMB_CSR_CsrRamPlugin_csrMapper_selFilter,0.00000000
TOP.VexiiRiscv.COMB_CSR_CsrAccessPlugin_logic_trapNextOnWriteFilter,0.00000000
TOP.VexiiRiscv.CsrAccessPlugin_logic_fsm_inject_implemented,0.00000000
TOP.VexiiRiscv.CsrAccessPlugin_logic_fsm_inject_onDecodeDo,0.00000000
TOP.VexiiRiscv.when_CsrAccessPlugin_l155,0.00000000
TOP.VexiiRiscv.CsrAccessPlugin_logic_fsm_inject_trap,0.00000000
TOP.VexiiRiscv.CsrAccessPlugin_logic_fsm_inject_unfreeze,0.00000000
TOP.VexiiRiscv.CsrAccessPlugin_logic_fsm_inject_freeze,0.00000000
TOP.VexiiRiscv.CsrAccessPlugin_logic_fsm_inject_flushReg,0.00000000
TOP.VexiiRiscv.when_CsrAccessPlugin_l197,0.00000000
TOP.VexiiRiscv.CsrAccessPlugin_logic_fsm_inject_sampled,0.00000000
TOP.VexiiRiscv.CsrAccessPlugin_logic_fsm_inject_trapReg,0.00000000
TOP.VexiiRiscv.CsrAccessPlugin_logic_fsm_inject_busTrapReg,0.00000000
TOP.VexiiRiscv.CsrAccessPlugin_logic_fsm_inject_busTrapCodeReg[3:0],0.00000000
TOP.VexiiRiscv.CsrAccessPlugin_logic_fsm_readLogic_onReadsDo,0.00000000
TOP.VexiiRiscv.CsrAccessPlugin_logic_fsm_readLogic_onReadsFireDo,0.00000000
TOP.VexiiRiscv.when_CsrAccessPlugin_l252,0.00000000
TOP.VexiiRiscv.CsrAccessPlugin_logic_fsm_writeLogic_onWritesDo,0.00000000
TOP.VexiiRiscv.CsrAccessPlugin_logic_fsm_writeLogic_onWritesFireDo,0.00000000
TOP.VexiiRiscv.when_CsrAccessPlugin_l346,0.00000000
TOP.VexiiRiscv.when_CsrAccessPlugin_l346_1,0.00000000
TOP.VexiiRiscv.when_CsrAccessPlugin_l346_2,0.00000000
TOP.VexiiRiscv.when_CsrAccessPlugin_l343,0.00000000
TOP.VexiiRiscv.when_CsrAccessPlugin_l343_1,0.00000000
TOP.VexiiRiscv.when_CsrAccessPlugin_l343_2,0.00000000
TOP.VexiiRiscv.FetchCachelessPlugin_logic_fork_halted_ready,0.00000000
TOP.VexiiRiscv.FetchCachelessPlugin_logic_fork_translated_ready,0.00000000
TOP.VexiiRiscv.FetchCachelessPlugin_logic_fork_translated_rValidN,0.00000000
TOP.VexiiRiscv.FetchCachelessPlugin_logic_bus_cmd_isStall,0.00000000
TOP.VexiiRiscv.FetchCachelessPlugin_logic_bus_cmd_isStall_regNext,0.00000000
TOP.VexiiRiscv.FetchCachelessPlugin_logic_join_haltIt,0.00000000
TOP.VexiiRiscv.FetchCachelessPlugin_logic_join_rsp_error,0.00000000
TOP.VexiiRiscv.when_FetchCachelessPlugin_l183,0.00000000
TOP.VexiiRiscv.fetch_logic_ctrls_1_haltRequest_FetchCachelessPlugin_l210,0.00000000
TOP.VexiiRiscv.CsrRamPlugin_logic_readLogic_sel[0:0],0.00000000
TOP.VexiiRiscv.execute_lane0_bypasser_integer_RS2_port_valid,0.00000000
TOP.VexiiRiscv.execute_lane0_bypasser_integer_RS2_bypassEnables[1:0],0.00000000
TOP.VexiiRiscv.execute_lane0_bypasser_integer_RS2_bypassEnables_bools_0,0.00000000
TOP.VexiiRiscv.execute_lane0_bypasser_integer_RS2_bypassEnables_bools_1,0.00000000
TOP.VexiiRiscv.execute_lane0_bypasser_integer_RS2_sel[1:0],0.00000000
TOP.VexiiRiscv.execute_lane0_bypasser_integer_RS1_port_valid,0.00000000
TOP.VexiiRiscv.execute_lane0_bypasser_integer_RS1_bypassEnables[1:0],0.00000000
TOP.VexiiRiscv.execute_lane0_bypasser_integer_RS1_bypassEnables_bools_0,0.00000000
TOP.VexiiRiscv.execute_lane0_bypasser_integer_RS1_bypassEnables_bools_1,0.00000000
TOP.VexiiRiscv.execute_lane0_bypasser_integer_RS1_sel[1:0],0.00000000
TOP.VexiiRiscv.execute_lane0_logic_completions_onCtrl_0_port_valid,0.00000000
TOP.VexiiRiscv.execute_lane0_logic_completions_onCtrl_1_port_valid,0.00000000
TOP.VexiiRiscv.execute_lane0_logic_completions_onCtrl_2_port_valid,0.00000000
TOP.VexiiRiscv.when_ExecuteLanePlugin_l307,0.00000000
TOP.VexiiRiscv.when_ExecuteLanePlugin_l307_1,0.00000000
TOP.VexiiRiscv.when_ExecuteLanePlugin_l307_2,0.00000000
TOP.VexiiRiscv.WhiteboxerPlugin_logic_csr_port_valid,0.00000000
TOP.VexiiRiscv.WhiteboxerPlugin_logic_csr_port_payload_read[31:0],0.00000000
TOP.VexiiRiscv.WhiteboxerPlugin_logic_csr_port_payload_writeDone,0.00000000
TOP.VexiiRiscv.WhiteboxerPlugin_logic_csr_port_payload_readDone,0.00000000
TOP.VexiiRiscv.WhiteboxerPlugin_logic_rfWrites_ports_0_valid,0.00000000
TOP.VexiiRiscv.WhiteboxerPlugin_logic_rfWrites_ports_1_valid,0.00000000
TOP.VexiiRiscv.WhiteboxerPlugin_logic_rfWrites_ports_1_payload_data[31:0],0.00000000
TOP.VexiiRiscv.WhiteboxerPlugin_logic_rfWrites_ports_2_valid,0.00000000
TOP.VexiiRiscv.WhiteboxerPlugin_logic_rfWrites_ports_2_payload_data[31:0],0.00000000
TOP.VexiiRiscv.WhiteboxerPlugin_logic_completions_ports_0_payload_trap,0.00000000
TOP.VexiiRiscv.WhiteboxerPlugin_logic_completions_ports_0_payload_commit,0.00000000
TOP.VexiiRiscv.WhiteboxerPlugin_logic_completions_ports_1_valid,0.00000000
TOP.VexiiRiscv.WhiteboxerPlugin_logic_completions_ports_2_valid,0.00000000
TOP.VexiiRiscv.WhiteboxerPlugin_logic_completions_ports_3_valid,0.00000000
TOP.VexiiRiscv.WhiteboxerPlugin_logic_commits_ports_0_oh_0,0.00000000
TOP.VexiiRiscv.WhiteboxerPlugin_logic_commits_ports_0_valid,0.00000000
TOP.VexiiRiscv.WhiteboxerPlugin_logic_commits_ports_0_pc[31:0],0.00000000
TOP.VexiiRiscv.WhiteboxerPlugin_logic_commits_ports_0_uop[31:0],0.00000000
TOP.VexiiRiscv.WhiteboxerPlugin_logic_reschedules_flushes_0_valid,0.00000000
TOP.VexiiRiscv.WhiteboxerPlugin_logic_reschedules_flushes_0_payload_self,0.00000000
TOP.VexiiRiscv.WhiteboxerPlugin_logic_reschedules_flushes_1_valid,0.00000000
TOP.VexiiRiscv.WhiteboxerPlugin_logic_reschedules_flushes_1_payload_self,0.00000000
TOP.VexiiRiscv.WhiteboxerPlugin_logic_reschedules_flushes_2_valid,0.00000000
TOP.VexiiRiscv.WhiteboxerPlugin_logic_reschedules_flushes_2_payload_self,0.00000000
TOP.VexiiRiscv.WhiteboxerPlugin_logic_reschedules_flushes_3_valid,0.00000000
TOP.VexiiRiscv.WhiteboxerPlugin_logic_reschedules_flushes_3_payload_self,0.00000000
TOP.VexiiRiscv.WhiteboxerPlugin_logic_reschedules_flushes_4_payload_self,0.00000000
TOP.VexiiRiscv.early0_BranchPlugin_logic_jumpLogic_learn_asFlow_valid,0.00000000
TOP.VexiiRiscv.early0_BranchPlugin_logic_jumpLogic_learn_asFlow_payload_isPush,0.00000000
TOP.VexiiRiscv.early0_BranchPlugin_logic_jumpLogic_learn_asFlow_payload_isPop,0.00000000
TOP.VexiiRiscv.early0_BranchPlugin_logic_jumpLogic_learn_asFlow_payload_badPredictedTarget,0.00000000
TOP.VexiiRiscv.WhiteboxerPlugin_logic_prediction_learns_0_valid,0.00000000
TOP.VexiiRiscv.WhiteboxerPlugin_logic_prediction_learns_0_payload_isPush,0.00000000
TOP.VexiiRiscv.WhiteboxerPlugin_logic_prediction_learns_0_payload_isPop,0.00000000
TOP.VexiiRiscv.WhiteboxerPlugin_logic_prediction_learns_0_payload_badPredictedTarget,0.00000000
TOP.VexiiRiscv.WhiteboxerPlugin_logic_loadExecute_fire,0.00000000
TOP.VexiiRiscv.WhiteboxerPlugin_logic_storeCommit_fire,0.00000000
TOP.VexiiRiscv.WhiteboxerPlugin_logic_storeCommit_amo,0.00000000
TOP.VexiiRiscv.WhiteboxerPlugin_logic_storeConditional_fire,0.00000000
TOP.VexiiRiscv.WhiteboxerPlugin_logic_storeBroadcast_fire,0.00000000
TOP.VexiiRiscv.PmpPlugin_logic_isMachine,0.00000000
TOP.VexiiRiscv.PmpPlugin_logic_checkInstruction,0.00000000
TOP.VexiiRiscv.PmpPlugin_logic_checkData,0.00000000
TOP.VexiiRiscv.FetchCachelessPlugin_logic_pmpPort_logic_portCheckData,0.00000000
TOP.VexiiRiscv.LsuCachelessPlugin_logic_pmpPort_logic_portCheckData,0.00000000
TOP.VexiiRiscv.FetchCachelessPlugin_pmaBuilder_onTransfers_0_addressHit,0.00000000
TOP.VexiiRiscv.FetchCachelessPlugin_pmaBuilder_onTransfers_0_argsHit,0.00000000
TOP.VexiiRiscv.FetchCachelessPlugin_pmaBuilder_onTransfers_0_hit,0.00000000
TOP.VexiiRiscv.integer_RegFilePlugin_logic_writeMerges_0_bus_valid,0.00000000
TOP.VexiiRiscv.integer_write_0_valid,0.00000000
TOP.VexiiRiscv.WhiteboxerPlugin_logic_wfi[0:0],0.00000000
TOP.VexiiRiscv.WhiteboxerPlugin_logic_perf_executeFreezed,0.00000000
TOP.VexiiRiscv.WhiteboxerPlugin_logic_perf_dispatchHazards,0.00000000
TOP.VexiiRiscv.WhiteboxerPlugin_logic_perf_executeFreezedCounter[59:0],0.00000000
TOP.VexiiRiscv.WhiteboxerPlugin_logic_perf_dispatchHazardsCounter[59:0],0.00000000
TOP.VexiiRiscv.WhiteboxerPlugin_logic_trap_ports_0_interrupt,0.00000000
TOP.VexiiRiscv.when_CtrlLink_l150_1,0.00000000
TOP.VexiiRiscv.when_DecodePipelinePlugin_l70,0.00000000
TOP.VexiiRiscv.when_TrapPlugin_l409,0.00000000
TOP.VexiiRiscv.when_TrapPlugin_l654,0.00000000
TOP.VexiiRiscv.TrapPlugin_logic_harts_0_trap_fsm_onExit_XRET_EPC,0.00000000
TOP.VexiiRiscv.TrapPlugin_logic_harts_0_trap_fsm_onExit_XRET_APPLY,0.00000000
TOP.VexiiRiscv.TrapPlugin_logic_harts_0_trap_fsm_onExit_JUMP,0.00000000
TOP.VexiiRiscv.TrapPlugin_logic_harts_0_trap_fsm_onEntry_RESET,0.00000000
TOP.VexiiRiscv.TrapPlugin_logic_harts_0_trap_fsm_onEntry_XRET_EPC,0.00000000
TOP.VexiiRiscv.TrapPlugin_logic_harts_0_trap_fsm_onEntry_XRET_APPLY,0.00000000
TOP.VexiiRiscv.TrapPlugin_logic_harts_0_trap_fsm_onEntry_JUMP,0.00000000
TOP.VexiiRiscv.CsrAccessPlugin_logic_fsm_stateReg[1:0],0.00000000
TOP.VexiiRiscv.CsrAccessPlugin_logic_fsm_stateNext[1:0],0.00000000
TOP.VexiiRiscv.when_CsrAccessPlugin_l296,0.00000000
TOP.VexiiRiscv.when_CsrAccessPlugin_l325,0.00000000
TOP.VexiiRiscv.when_CsrAccessPlugin_l212,0.00000000
TOP.VexiiRiscv.CsrAccessPlugin_logic_fsm_onExit_IDLE,0.00000000
TOP.VexiiRiscv.CsrAccessPlugin_logic_fsm_onExit_READ,0.00000000
TOP.VexiiRiscv.CsrAccessPlugin_logic_fsm_onExit_WRITE,0.00000000
TOP.VexiiRiscv.CsrAccessPlugin_logic_fsm_onExit_COMPLETION,0.00000000
TOP.VexiiRiscv.CsrAccessPlugin_logic_fsm_onEntry_IDLE,0.00000000
TOP.VexiiRiscv.CsrAccessPlugin_logic_fsm_onEntry_READ,0.00000000
TOP.VexiiRiscv.CsrAccessPlugin_logic_fsm_onEntry_WRITE,0.00000000
TOP.VexiiRiscv.CsrAccessPlugin_logic_fsm_onEntry_COMPLETION,0.00000000
TOP.VexiiRiscv.CsrAccessPlugin_logic_fsm_stateReg_string[79:0],0.00000000
TOP.VexiiRiscv.CsrAccessPlugin_logic_fsm_stateNext_string[79:0],0.00000000
TOP.VexiiRiscv.CsrRamPlugin_logic_mem[0][31:0],0.00000000
TOP.VexiiRiscv.integer_RegFilePlugin_logic_regfile_fpga.io_reads_0_valid,0.00000000
TOP.VexiiRiscv.integer_RegFilePlugin_logic_regfile_fpga.io_reads_1_valid,0.00000000
TOP.VexiiRiscv.integer_RegFilePlugin_logic_regfile_fpga.conv_read_0_cmd_valid,0.00000000
TOP.VexiiRiscv.integer_RegFilePlugin_logic_regfile_fpga.conv_read_1_cmd_valid,0.00000000
TOP.VexiiRiscv.integer_RegFilePlugin_logic_regfile_fpga.asMem_reads_0_sync_port_cmd_valid,0.00000000
TOP.VexiiRiscv.integer_RegFilePlugin_logic_regfile_fpga.asMem_reads_1_sync_port_cmd_valid,0.00000000
TOP.VexiiRiscv.integer_RegFilePlugin_logic_regfile_fpga.asMem_ram[24][31:0],0.00000000
TOP.VexiiRiscv.streamArbiter_1.io_inputs_0_valid,0.00000000
TOP.VexiiRiscv.streamArbiter_1.io_inputs_0_ready,0.00000000
TOP.VexiiRiscv.streamArbiter_1.io_inputs_0_payload_isPush,0.00000000
TOP.VexiiRiscv.streamArbiter_1.io_inputs_0_payload_isPop,0.00000000
TOP.VexiiRiscv.streamArbiter_1.io_inputs_0_payload_badPredictedTarget,0.00000000
TOP.VexiiRiscv.streamArbiter_1.io_output_valid,0.00000000
TOP.VexiiRiscv.streamArbiter_1.io_output_ready,0.00000000
TOP.VexiiRiscv.streamArbiter_1.io_output_payload_isPush,0.00000000
TOP.VexiiRiscv.streamArbiter_1.io_output_payload_isPop,0.00000000
TOP.VexiiRiscv.streamArbiter_1.io_output_payload_badPredictedTarget,0.00000000
TOP.VexiiRiscv.streamArbiter_1.io_chosenOH[0:0],0.00000000
TOP.VexiiRiscv.streamArbiter_1.locked,0.00000000
TOP.VexiiRiscv.streamArbiter_1.maskProposal_0,0.00000000
TOP.VexiiRiscv.streamArbiter_1.maskLocked_0,0.00000000
TOP.VexiiRiscv.streamArbiter_1.maskRouted_0,0.00000000
TOP.PrivilegedPlugin_logic_rdtime[63:0],0.00000000
TOP.PrivilegedPlugin_logic_harts_0_int_m_software,0.00000000
TOP.PrivilegedPlugin_logic_harts_0_int_m_external,0.00000000
TOP.FetchCachelessPlugin_logic_bus_rsp_payload_error,0.00000000
TOP.LsuCachelessPlugin_logic_bus_cmd_valid,0.00000000
TOP.LsuCachelessPlugin_logic_bus_cmd_ready,0.00000000
TOP.LsuCachelessPlugin_logic_bus_cmd_payload_id[0:0],0.00000000
TOP.LsuCachelessPlugin_logic_bus_cmd_payload_fromHart,0.00000000
TOP.LsuCachelessPlugin_logic_bus_rsp_valid,0.00000000
TOP.LsuCachelessPlugin_logic_bus_rsp_payload_id[0:0],0.00000000
TOP.LsuCachelessPlugin_logic_bus_rsp_payload_error,0.00000000
TOP.LsuCachelessPlugin_logic_bus_rsp_payload_data[31:0],0.00000000
